sales,quantity,sales_treated,quantity_treated,year,month,day,day_of_week,is_weekend,quarter,month_sin,month_cos,dayofweek_sin,dayofweek_cos,unit_price,product_avg_unitprice,price_vs_product_avg,category_avg_sales,store_region_avg_sales,region_East,region_North,region_South,region_West,store_Store B,store_Store C,store_Store D,customer_segment_Corporate,customer_segment_Home Office,category_Beverages,category_Dairy,category_Electronics,category_Grocery,category_Personal Care,product_Cake,product_Coffee,product_Laptop,product_Milk,product_Mouse,product_Rice,product_Shampoo,product_Soap,product_Tea
3746.58,10,3746.58,10,2025,11,8,5,1,4,-0.5000000000000004,0.8660254037844384,-0.9749279121818236,-0.2225209339563146,374.658,240.01875136836344,134.63924863163658,1445.8490422535212,1612.3752941176472,0,0,0,1,1,0,0,1,0,1,0,0,0,0,0,1,0,0,0,0,0,0,0
700.28,2,700.28,2,2025,11,17,0,0,4,-0.5000000000000004,0.8660254037844384,0.0,1.0,350.14,229.27456984126985,120.86543015873013,1221.905306122449,1612.3752941176472,0,0,0,1,1,0,0,1,0,0,0,0,0,0,0,0,0,0,0,0,0,0,0
2728.79,6,2728.79,6,2025,8,2,5,1,3,-0.8660254037844384,-0.5000000000000004,-0.9749279121818236,-0.2225209339563146,454.79833333333335,240.01875136836344,214.7795819649699,1445.8490422535212,1674.6340666666665,1,0,0,0,0,1,0,0,1,1,0,0,0,0,0,1,0,0,0,0,0,0,0
561.7,5,561.7,5,2025,12,21,6,1,4,-2.4492935982947064e-16,1.0,-0.7818314824680299,0.6234898018587334,112.34,240.01875136836344,-127.67875136836344,1445.8490422535212,1256.223638888889,1,0,0,0,0,0,0,1,0,1,0,0,0,0,0,1,0,0,0,0,0,0,0
3682.31,9,3682.31,9,2025,6,19,3,0,2,1.2246467991473532e-16,-1.0,0.43388373911755823,-0.900968867902419,409.1455555555556,254.12284351851855,155.02271203703702,1445.8490422535212,1382.9090333333334,0,0,1,0,0,0,1,0,1,1,0,0,0,0,0,0,0,0,0,0,0,0,1
200.49,1,200.49,1,2025,4,22,1,0,2,0.8660254037844387,-0.4999999999999998,0.7818314824680298,0.6234898018587336,200.49,281.3152116713352,-80.82521167133518,1470.9004571428572,1227.9926666666665,0,1,0,0,0,1,0,1,0,0,0,1,0,0,0,0,0,0,1,0,0,0,0
1760.98,6,1760.98,6,2025,4,21,0,0,2,0.8660254037844387,-0.4999999999999998,0.0,1.0,293.49666666666667,256.8781306031746,36.61853606349206,1481.6387169811321,1612.3752941176472,0,0,0,1,1,0,0,1,0,0,0,0,0,1,0,0,0,0,0,0,1,0,0
1165.84,8,1165.84,8,2025,8,4,0,0,3,-0.8660254037844384,-0.5000000000000004,0.0,1.0,145.73,266.2826741854637,-120.5526741854637,1221.905306122449,986.0238461538461,0,0,0,0,0,1,0,1,0,0,0,0,0,0,1,0,0,0,0,0,0,0,0
44.93,2,44.93,2,2025,5,28,2,0,2,0.49999999999999994,-0.8660254037844387,0.9749279121818236,-0.22252093395631434,22.465,229.27456984126985,-206.80956984126985,1221.905306122449,1308.8608333333334,1,0,0,0,1,0,0,0,1,0,0,0,0,0,0,0,0,0,0,0,0,0,0
189.76,2,189.76,2,2025,6,19,3,0,2,1.2246467991473532e-16,-1.0,0.43388373911755823,-0.900968867902419,94.88,239.71427083333333,-144.83427083333333,1481.6387169811321,1227.9926666666665,0,1,0,0,0,1,0,0,1,0,0,0,0,1,0,0,0,0,0,0,0,1,0
281.08,5,281.08,5,2025,11,3,0,0,4,-0.5000000000000004,0.8660254037844384,0.0,1.0,56.215999999999994,254.12284351851855,-197.90684351851854,1445.8490422535212,1256.223638888889,1,0,0,0,0,0,0,1,0,1,0,0,0,0,0,0,0,0,0,0,0,0,1
571.44,8,571.44,8,2025,7,7,0,0,3,-0.4999999999999997,-0.8660254037844388,0.0,1.0,71.43,281.3152116713352,-209.88521167133518,1470.9004571428572,1293.1059545454546,0,0,1,0,1,0,0,1,0,0,0,1,0,0,0,0,0,0,1,0,0,0,0
2044.89,6,2044.89,6,2025,9,15,0,0,3,-1.0,-1.8369701987210297e-16,0.0,1.0,340.815,254.12284351851855,86.69215648148145,1445.8490422535212,1683.3914285714286,0,0,0,1,0,0,0,1,0,1,0,0,0,0,0,0,0,0,0,0,0,0,1
1755.1,4,1755.1,4,2025,5,30,4,0,2,0.49999999999999994,-0.8660254037844387,-0.433883739117558,-0.9009688679024191,438.775,280.510435175737,158.264564824263,1419.773767857143,1648.9165769230772,0,0,1,0,0,0,0,0,1,0,1,0,0,0,0,0,0,1,0,0,0,0,0
679.51,5,679.51,5,2025,8,10,6,1,3,-0.8660254037844384,-0.5000000000000004,-0.7818314824680299,0.6234898018587334,135.902,239.71427083333333,-103.81227083333334,1481.6387169811321,1378.488775,0,0,0,0,0,0,1,1,0,0,0,0,0,1,0,0,0,0,0,0,0,1,0
52.97,4,52.97,4,2025,1,4,5,1,1,0.49999999999999994,0.8660254037844387,-0.9749279121818236,-0.2225209339563146,13.2425,281.3152116713352,-268.0727116713352,1470.9004571428572,1063.5632826086955,0,0,0,1,0,0,1,1,0,0,0,1,0,0,0,0,0,0,1,0,0,0,0
580.91,9,580.91,9,2025,10,14,1,0,4,-0.8660254037844386,0.5000000000000001,0.7818314824680298,0.6234898018587336,64.54555555555555,239.71427083333333,-175.16871527777778,1481.6387169811321,1256.223638888889,1,0,0,0,0,0,0,0,0,0,0,0,0,1,0,0,0,0,0,0,0,1,0
1439.34,10,1439.34,10,2025,1,1,2,0,1,0.49999999999999994,0.8660254037844387,0.9749279121818236,-0.22252093395631434,143.934,240.01875136836344,-96.08475136836344,1445.8490422535212,1784.45784375,0,1,0,0,1,0,0,1,0,1,0,0,0,0,0,1,0,0,0,0,0,0,0
3037.05,9,3037.05,9,2025,3,14,4,0,1,1.0,6.123233995736766e-17,-0.433883739117558,-0.9009688679024191,337.45000000000005,240.01875136836344,97.4312486316366,1445.8490422535212,1789.1523666666667,0,0,0,0,0,0,0,0,0,1,0,0,0,0,0,1,0,0,0,0,0,0,0
4648.24,10,4129.7655,10,2025,11,7,4,0,4,-0.5000000000000004,0.8660254037844384,-0.433883739117558,-0.9009688679024191,412.97655000000003,254.12284351851855,158.85370648148148,1445.8490422535212,1176.5337,0,0,0,1,0,1,0,0,0,1,0,0,0,0,0,0,0,0,0,0,0,0,1
346.83,6,346.83,6,2025,4,10,3,0,2,0.8660254037844387,-0.4999999999999998,0.43388373911755823,-0.900968867902419,57.805,254.12284351851855,-196.31784351851854,1445.8490422535212,1176.5337,0,0,0,1,0,1,0,0,1,1,0,0,0,0,0,0,0,0,0,0,0,0,1
266.72,2,266.72,2,2025,11,29,5,1,4,-0.5000000000000004,0.8660254037844384,-0.9749279121818236,-0.2225209339563146,133.36,256.8781306031746,-123.5181306031746,1481.6387169811321,1683.3914285714286,0,0,0,1,0,0,0,0,1,0,0,0,0,1,0,0,0,0,0,0,1,0,0
1615.98,9,1615.98,9,2025,8,19,1,0,3,-0.8660254037844384,-0.5000000000000004,0.7818314824680298,0.6234898018587336,179.55333333333334,222.4501821565408,-42.89684882320745,1381.4593448275864,1224.9207857142858,0,1,0,0,0,0,0,1,0,0,0,0,1,0,0,0,0,0,0,1,0,0,0
419.65,4,419.65,4,2025,11,2,6,1,4,-0.5000000000000004,0.8660254037844384,-0.7818314824680299,0.6234898018587334,104.9125,253.12457546296295,-148.21207546296296,1470.9004571428572,1421.5515384615383,1,0,0,0,0,0,1,0,0,0,0,1,0,0,0,0,1,0,0,0,0,0,0
813.77,6,813.77,6,2025,3,1,5,1,1,1.0,6.123233995736766e-17,-0.9749279121818236,-0.2225209339563146,135.62833333333333,240.01875136836344,-104.39041803503011,1445.8490422535212,1063.5632826086955,0,0,0,1,0,0,1,1,0,1,0,0,0,0,0,1,0,0,0,0,0,0,0
131.43,4,131.43,4,2025,9,7,6,1,3,-1.0,-1.8369701987210297e-16,-0.7818314824680299,0.6234898018587334,32.8575,229.27456984126985,-196.41706984126984,1221.905306122449,1227.9926666666665,0,1,0,0,0,1,0,1,0,0,0,0,0,0,0,0,0,0,0,0,0,0,0
4448.43,9,4129.7655,9,2025,4,6,6,1,2,0.8660254037844387,-0.4999999999999998,-0.7818314824680299,0.6234898018587334,458.86283333333336,239.71427083333333,219.14856250000003,1481.6387169811321,1674.6340666666665,1,0,0,0,0,1,0,0,1,0,0,0,0,1,0,0,0,0,0,0,0,1,0
181.25,8,181.25,8,2025,1,7,1,0,1,0.49999999999999994,0.8660254037844387,0.7818314824680298,0.6234898018587336,22.65625,256.8781306031746,-234.2218806031746,1481.6387169811321,1784.45784375,0,1,0,0,1,0,0,0,1,0,0,0,0,1,0,0,0,0,0,0,1,0,0
957.75,2,957.75,2,2025,12,10,2,0,4,-2.4492935982947064e-16,1.0,0.9749279121818236,-0.22252093395631434,478.875,253.12457546296295,225.75042453703705,1470.9004571428572,1256.223638888889,1,0,0,0,0,0,0,0,0,0,0,1,0,0,0,0,1,0,0,0,0,0,0
428.82,1,428.82,1,2025,12,3,2,0,4,-2.4492935982947064e-16,1.0,0.9749279121818236,-0.22252093395631434,428.82,266.2826741854637,162.5373258145363,1221.905306122449,1293.1059545454546,0,0,1,0,1,0,0,0,0,0,0,0,0,0,1,0,0,0,0,0,0,0,0
1448.0,9,1448.0,9,2025,10,27,0,0,4,-0.8660254037844386,0.5000000000000001,0.0,1.0,160.88888888888889,253.12457546296295,-92.23568657407407,1470.9004571428572,1421.5515384615383,1,0,0,0,0,0,1,0,0,0,0,1,0,0,0,0,1,0,0,0,0,0,0
736.14,7,736.14,7,2025,7,27,6,1,3,-0.4999999999999997,-0.8660254037844388,-0.7818314824680299,0.6234898018587334,105.16285714285713,222.4501821565408,-117.28732501368366,1381.4593448275864,1421.5515384615383,1,0,0,0,0,0,1,1,0,0,0,0,1,0,0,0,0,0,0,1,0,0,0
802.65,8,802.65,8,2025,9,10,2,0,3,-1.0,-1.8369701987210297e-16,0.9749279121818236,-0.22252093395631434,100.33125,239.71427083333333,-139.38302083333332,1481.6387169811321,1784.45784375,0,1,0,0,1,0,0,0,1,0,0,0,0,1,0,0,0,0,0,0,0,1,0
4372.84,9,4129.7655,9,2025,5,4,6,1,2,0.49999999999999994,-0.8660254037844387,-0.7818314824680299,0.6234898018587334,458.86283333333336,281.3152116713352,177.54762166199816,1470.9004571428572,1789.1523666666667,0,0,0,0,0,0,0,1,0,0,0,1,0,0,0,0,0,0,1,0,0,0,0
945.79,2,945.79,2,2025,11,14,4,0,4,-0.5000000000000004,0.8660254037844384,-0.433883739117558,-0.9009688679024191,472.895,256.8781306031746,216.01686939682537,1481.6387169811321,1224.9207857142858,0,1,0,0,0,0,0,1,0,0,0,0,0,1,0,0,0,0,0,0,1,0,0
1301.85,8,1301.85,8,2025,2,9,6,1,1,0.8660254037844386,0.5000000000000001,-0.7818314824680299,0.6234898018587334,162.73125,240.01875136836344,-77.28750136836345,1445.8490422535212,1308.8608333333334,1,0,0,0,1,0,0,1,0,1,0,0,0,0,0,1,0,0,0,0,0,0,0
1917.74,7,1917.74,7,2025,9,1,0,0,3,-1.0,-1.8369701987210297e-16,0.0,1.0,273.96285714285716,254.12284351851855,19.84001362433861,1445.8490422535212,1784.45784375,0,1,0,0,1,0,0,0,1,1,0,0,0,0,0,0,0,0,0,0,0,0,1
762.63,7,762.63,7,2025,7,1,1,0,3,-0.4999999999999997,-0.8660254037844388,0.7818314824680298,0.6234898018587336,108.94714285714285,240.01875136836344,-131.07160851122057,1445.8490422535212,1378.488775,0,0,0,0,0,0,1,0,0,1,0,0,0,0,0,1,0,0,0,0,0,0,0
1440.54,8,1440.54,8,2025,1,19,6,1,1,0.49999999999999994,0.8660254037844387,-0.7818314824680299,0.6234898018587334,180.0675,222.4501821565408,-42.382682156540795,1381.4593448275864,1063.5632826086955,0,0,0,1,0,0,1,0,1,0,0,0,1,0,0,0,0,0,0,1,0,0,0
819.08,2,819.08,2,2025,5,23,4,0,2,0.49999999999999994,-0.8660254037844387,-0.433883739117558,-0.9009688679024191,409.54,222.4501821565408,187.08981784345923,1381.4593448275864,986.0238461538461,0,0,0,0,0,1,0,0,1,0,0,0,1,0,0,0,0,0,0,1,0,0,0
539.23,8,539.23,8,2025,8,18,0,0,3,-0.8660254037844384,-0.5000000000000004,0.0,1.0,67.40375,229.27456984126985,-161.87081984126985,1221.905306122449,1352.2137916666668,0,0,1,0,0,1,0,1,0,0,0,0,0,0,0,0,0,0,0,0,0,0,0
2944.37,6,2944.37,6,2025,4,8,1,0,2,0.8660254037844387,-0.4999999999999998,0.7818314824680298,0.6234898018587336,490.7283333333333,266.2826741854637,224.4456591478696,1221.905306122449,1063.5632826086955,0,0,0,1,0,0,1,1,0,0,0,0,0,0,1,0,0,0,0,0,0,0,0
1502.69,7,1502.69,7,2025,1,18,5,1,1,0.49999999999999994,0.8660254037844387,-0.9749279121818236,-0.2225209339563146,214.67000000000002,281.3152116713352,-66.64521167133518,1470.9004571428572,1308.8608333333334,1,0,0,0,1,0,0,1,0,0,0,1,0,0,0,0,0,0,1,0,0,0,0
2173.52,5,2173.52,5,2025,2,25,1,0,1,0.8660254037844386,0.5000000000000001,0.7818314824680298,0.6234898018587336,434.704,281.3152116713352,153.38878832866482,1470.9004571428572,1674.6340666666665,1,0,0,0,0,1,0,0,1,0,0,1,0,0,0,0,0,0,1,0,0,0,0
368.97,1,368.97,1,2025,8,1,4,0,3,-0.8660254037844384,-0.5000000000000004,-0.433883739117558,-0.9009688679024191,368.97,253.12457546296295,115.84542453703708,1470.9004571428572,1063.5632826086955,0,0,0,1,0,0,1,0,0,0,0,1,0,0,0,0,1,0,0,0,0,0,0
2138.65,5,2138.65,5,2025,2,25,1,0,1,0.8660254037844386,0.5000000000000001,0.7818314824680298,0.6234898018587336,427.73,240.01875136836344,187.71124863163658,1445.8490422535212,1612.3752941176472,0,0,0,1,1,0,0,1,0,1,0,0,0,0,0,1,0,0,0,0,0,0,0
232.66,2,232.66,2,2025,12,20,5,1,4,-2.4492935982947064e-16,1.0,-0.9749279121818236,-0.2225209339563146,116.33,281.3152116713352,-164.9852116713352,1470.9004571428572,1224.9207857142858,0,1,0,0,0,0,0,1,0,0,0,1,0,0,0,0,0,0,1,0,0,0,0
1177.56,3,1177.56,3,2025,1,15,2,0,1,0.49999999999999994,0.8660254037844387,0.9749279121818236,-0.22252093395631434,392.52,240.01875136836344,152.50124863163654,1445.8490422535212,1378.488775,0,0,0,0,0,0,1,1,0,1,0,0,0,0,0,1,0,0,0,0,0,0,0
1949.99,4,1949.99,4,2025,1,1,2,0,1,0.49999999999999994,0.8660254037844387,0.9749279121818236,-0.22252093395631434,487.4975,281.3152116713352,206.1822883286648,1470.9004571428572,1789.1523666666667,0,0,0,0,0,0,0,1,0,0,0,1,0,0,0,0,0,0,1,0,0,0,0
246.4,8,246.4,8,2025,1,29,2,0,1,0.49999999999999994,0.8660254037844387,0.9749279121818236,-0.22252093395631434,30.8,256.8781306031746,-226.0781306031746,1481.6387169811321,1293.1059545454546,0,0,1,0,1,0,0,0,0,0,0,0,0,1,0,0,0,0,0,0,1,0,0
95.09,5,95.09,5,2025,5,3,5,1,2,0.49999999999999994,-0.8660254037844387,-0.9749279121818236,-0.2225209339563146,19.018,229.27456984126985,-210.25656984126985,1221.905306122449,986.0238461538461,0,0,0,0,0,1,0,0,0,0,0,0,0,0,0,0,0,0,0,0,0,0,0
73.38,2,73.38,2,2025,4,23,2,0,2,0.8660254037844387,-0.4999999999999998,0.9749279121818236,-0.22252093395631434,36.69,254.12284351851855,-217.43284351851855,1445.8490422535212,986.0238461538461,0,0,0,0,0,1,0,1,0,1,0,0,0,0,0,0,0,0,0,0,0,0,1
31.29,1,31.29,1,2025,6,21,5,1,2,1.2246467991473532e-16,-1.0,-0.9749279121818236,-0.2225209339563146,31.29,253.12457546296295,-221.83457546296296,1470.9004571428572,1789.1523666666667,0,0,0,0,0,0,0,0,0,0,0,1,0,0,0,0,1,0,0,0,0,0,0
313.44,2,313.44,2,2025,7,21,0,0,3,-0.4999999999999997,-0.8660254037844388,0.0,1.0,156.72,266.2826741854637,-109.56267418546369,1221.905306122449,1063.5632826086955,0,0,0,1,0,0,1,0,1,0,0,0,0,0,1,0,0,0,0,0,0,0,0
4333.22,10,4129.7655,10,2025,8,30,5,1,3,-0.8660254037844384,-0.5000000000000004,-0.9749279121818236,-0.2225209339563146,412.97655000000003,222.4501821565408,190.52636784345924,1381.4593448275864,1648.9165769230772,0,0,1,0,0,0,0,0,1,0,0,0,1,0,0,0,0,0,0,1,0,0,0
474.18,2,474.18,2,2025,8,21,3,0,3,-0.8660254037844384,-0.5000000000000004,0.43388373911755823,-0.900968867902419,237.09,281.3152116713352,-44.22521167133519,1470.9004571428572,1683.3914285714286,0,0,0,1,0,0,0,0,1,0,0,1,0,0,0,0,0,0,1,0,0,0,0
2045.43,8,2045.43,8,2025,4,27,6,1,2,0.8660254037844387,-0.4999999999999998,-0.7818314824680299,0.6234898018587334,255.67875,254.12284351851855,1.5559064814814576,1445.8490422535212,1789.1523666666667,0,0,0,0,0,0,0,0,1,1,0,0,0,0,0,0,0,0,0,0,0,0,1
1318.43,6,1318.43,6,2025,3,5,2,0,1,1.0,6.123233995736766e-17,0.9749279121818236,-0.22252093395631434,219.73833333333334,239.71427083333333,-19.975937499999986,1481.6387169811321,1293.1059545454546,0,0,1,0,1,0,0,0,0,0,0,0,0,1,0,0,0,0,0,0,0,1,0
1179.14,3,1179.14,3,2025,10,14,1,0,4,-0.8660254037844386,0.5000000000000001,0.7818314824680298,0.6234898018587336,393.0466666666667,253.12457546296295,139.92209120370373,1470.9004571428572,1063.5632826086955,0,0,0,1,0,0,1,1,0,0,0,1,0,0,0,0,1,0,0,0,0,0,0
737.04,7,737.04,7,2025,7,11,4,0,3,-0.4999999999999997,-0.8660254037844388,-0.433883739117558,-0.9009688679024191,105.29142857142857,229.27456984126985,-123.98314126984128,1221.905306122449,1674.6340666666665,1,0,0,0,0,1,0,1,0,0,0,0,0,0,0,0,0,0,0,0,0,0,0
440.86,1,440.86,1,2025,5,30,4,0,2,0.49999999999999994,-0.8660254037844387,-0.433883739117558,-0.9009688679024191,440.86,222.4501821565408,218.40981784345922,1381.4593448275864,1224.9207857142858,0,1,0,0,0,0,0,0,0,0,0,0,1,0,0,0,0,0,0,1,0,0,0
479.82,5,479.82,5,2025,2,9,6,1,1,0.8660254037844386,0.5000000000000001,-0.7818314824680299,0.6234898018587334,95.964,266.2826741854637,-170.3186741854637,1221.905306122449,1674.6340666666665,1,0,0,0,0,1,0,1,0,0,0,0,0,0,1,0,0,0,0,0,0,0,0
1748.52,4,1748.52,4,2025,4,20,6,1,2,0.8660254037844387,-0.4999999999999998,-0.7818314824680299,0.6234898018587334,437.13,254.12284351851855,183.00715648148145,1445.8490422535212,1256.223638888889,1,0,0,0,0,0,0,0,1,1,0,0,0,0,0,0,0,0,0,0,0,0,1
1339.67,3,1339.67,3,2025,7,19,5,1,3,-0.4999999999999997,-0.8660254037844388,-0.9749279121818236,-0.2225209339563146,446.5566666666667,253.12457546296295,193.43209120370372,1470.9004571428572,1421.5515384615383,1,0,0,0,0,0,1,0,0,0,0,1,0,0,0,0,1,0,0,0,0,0,0
3885.91,10,3885.91,10,2025,12,11,3,0,4,-2.4492935982947064e-16,1.0,0.43388373911755823,-0.900968867902419,388.591,222.4501821565408,166.14081784345922,1381.4593448275864,1382.9090333333334,0,0,1,0,0,0,1,0,1,0,0,0,1,0,0,0,0,0,0,1,0,0,0
40.97,3,40.97,3,2025,11,3,0,0,4,-0.5000000000000004,0.8660254037844384,0.0,1.0,13.656666666666666,253.12457546296295,-239.46790879629629,1470.9004571428572,1612.3752941176472,0,0,0,1,1,0,0,0,0,0,0,1,0,0,0,0,1,0,0,0,0,0,0
1465.54,8,1465.54,8,2025,1,19,6,1,1,0.49999999999999994,0.8660254037844387,-0.7818314824680299,0.6234898018587334,183.1925,229.27456984126985,-46.082069841269856,1221.905306122449,1612.3752941176472,0,0,0,1,1,0,0,0,1,0,0,0,0,0,0,0,0,0,0,0,0,0,0
4696.36,10,4129.7655,10,2025,11,17,0,0,4,-0.5000000000000004,0.8660254037844384,0.0,1.0,412.97655000000003,256.8781306031746,156.09841939682542,1481.6387169811321,1224.9207857142858,0,1,0,0,0,0,0,0,1,0,0,0,0,1,0,0,0,0,0,0,1,0,0
2130.44,7,2130.44,7,2025,6,24,1,0,2,1.2246467991473532e-16,-1.0,0.7818314824680298,0.6234898018587336,304.34857142857146,240.01875136836344,64.32982006020802,1445.8490422535212,1063.5632826086955,0,0,0,1,0,0,1,0,0,1,0,0,0,0,0,1,0,0,0,0,0,0,0
4104.67,9,4104.67,9,2025,8,28,3,0,3,-0.8660254037844384,-0.5000000000000004,0.43388373911755823,-0.900968867902419,456.07444444444445,239.71427083333333,216.36017361111112,1481.6387169811321,1308.8608333333334,1,0,0,0,1,0,0,0,1,0,0,0,0,1,0,0,0,0,0,0,0,1,0
393.08,1,393.08,1,2025,10,5,6,1,4,-0.8660254037844386,0.5000000000000001,-0.7818314824680299,0.6234898018587334,393.08,240.01875136836344,153.06124863163654,1445.8490422535212,1227.9926666666665,0,1,0,0,0,1,0,0,0,1,0,0,0,0,0,1,0,0,0,0,0,0,0
35.81,4,35.81,4,2025,9,2,1,0,3,-1.0,-1.8369701987210297e-16,0.7818314824680298,0.6234898018587336,8.9525,254.12284351851855,-245.17034351851856,1445.8490422535212,1256.223638888889,1,0,0,0,0,0,0,1,0,1,0,0,0,0,0,0,0,0,0,0,0,0,1
246.11,7,246.11,7,2025,6,2,0,0,2,1.2246467991473532e-16,-1.0,0.0,1.0,35.15857142857143,240.01875136836344,-204.860179939792,1445.8490422535212,1256.223638888889,1,0,0,0,0,0,0,0,1,1,0,0,0,0,0,1,0,0,0,0,0,0,0
426.01,2,426.01,2,2025,3,1,5,1,1,1.0,6.123233995736766e-17,-0.9749279121818236,-0.2225209339563146,213.005,256.8781306031746,-43.873130603174616,1481.6387169811321,1378.488775,0,0,0,0,0,0,1,0,0,0,0,0,0,1,0,0,0,0,0,0,1,0,0
2154.39,5,2154.39,5,2025,7,14,0,0,3,-0.4999999999999997,-0.8660254037844388,0.0,1.0,430.878,253.12457546296295,177.75342453703703,1470.9004571428572,1293.1059545454546,0,0,1,0,1,0,0,1,0,0,0,1,0,0,0,0,1,0,0,0,0,0,0
95.56,1,95.56,1,2025,5,21,2,0,2,0.49999999999999994,-0.8660254037844387,0.9749279121818236,-0.22252093395631434,95.56,256.8781306031746,-161.3181306031746,1481.6387169811321,1674.6340666666665,1,0,0,0,0,1,0,0,1,0,0,0,0,1,0,0,0,0,0,0,1,0,0
579.43,2,579.43,2,2025,12,6,5,1,4,-2.4492935982947064e-16,1.0,-0.9749279121818236,-0.2225209339563146,289.715,239.71427083333333,50.000729166666645,1481.6387169811321,1308.8608333333334,1,0,0,0,1,0,0,0,0,0,0,0,0,1,0,0,0,0,0,0,0,1,0
758.88,5,758.88,5,2025,7,16,2,0,3,-0.4999999999999997,-0.8660254037844388,0.9749279121818236,-0.22252093395631434,151.776,229.27456984126985,-77.49856984126984,1221.905306122449,1293.1059545454546,0,0,1,0,1,0,0,0,0,0,0,0,0,0,0,0,0,0,0,0,0,0,0
144.3,7,144.3,7,2025,4,19,5,1,2,0.8660254037844387,-0.4999999999999998,-0.9749279121818236,-0.2225209339563146,20.614285714285717,222.4501821565408,-201.83589644225506,1381.4593448275864,1063.5632826086955,0,0,0,1,0,0,1,0,0,0,0,0,1,0,0,0,0,0,0,1,0,0,0
3363.52,7,3363.52,7,2025,7,30,2,0,3,-0.4999999999999997,-0.8660254037844388,0.9749279121818236,-0.22252093395631434,480.5028571428571,281.3152116713352,199.18764547152193,1470.9004571428572,986.0238461538461,0,0,0,0,0,1,0,0,1,0,0,1,0,0,0,0,0,0,1,0,0,0,0
732.13,3,732.13,3,2025,5,25,6,1,2,0.49999999999999994,-0.8660254037844387,-0.7818314824680299,0.6234898018587334,244.04333333333332,254.12284351851855,-10.079510185185228,1445.8490422535212,1256.223638888889,1,0,0,0,0,0,0,0,0,1,0,0,0,0,0,0,0,0,0,0,0,0,1
1066.28,5,1066.28,5,2025,2,16,6,1,1,0.8660254037844386,0.5000000000000001,-0.7818314824680299,0.6234898018587334,213.256,229.27456984126985,-16.01856984126985,1221.905306122449,1421.5515384615383,1,0,0,0,0,0,1,1,0,0,0,0,0,0,0,0,0,0,0,0,0,0,0
2686.2,7,2686.2,7,2025,10,25,5,1,4,-0.8660254037844386,0.5000000000000001,-0.9749279121818236,-0.2225209339563146,383.74285714285713,254.12284351851855,129.62001362433858,1445.8490422535212,1378.488775,0,0,0,0,0,0,1,0,1,1,0,0,0,0,0,0,0,0,0,0,0,0,1
2810.16,8,2810.16,8,2025,2,26,2,0,1,0.8660254037844386,0.5000000000000001,0.9749279121818236,-0.22252093395631434,351.27,239.71427083333333,111.55572916666665,1481.6387169811321,1149.845,0,0,0,0,1,0,0,1,0,0,0,0,0,1,0,0,0,0,0,0,0,1,0
1761.64,7,1761.64,7,2025,4,3,3,0,2,0.8660254037844387,-0.4999999999999998,0.43388373911755823,-0.900968867902419,251.66285714285715,253.12457546296295,-1.4617183201058026,1470.9004571428572,1352.2137916666668,0,0,1,0,0,1,0,0,1,0,0,1,0,0,0,0,1,0,0,0,0,0,0
1702.95,4,1702.95,4,2025,4,3,3,0,2,0.8660254037844387,-0.4999999999999998,0.43388373911755823,-0.900968867902419,425.7375,256.8781306031746,168.8593693968254,1481.6387169811321,1256.223638888889,1,0,0,0,0,0,0,0,0,0,0,0,0,1,0,0,0,0,0,0,1,0,0
2747.56,8,2747.56,8,2025,9,20,5,1,3,-1.0,-1.8369701987210297e-16,-0.9749279121818236,-0.2225209339563146,343.445,280.510435175737,62.93456482426302,1419.773767857143,1149.845,0,0,0,0,1,0,0,0,1,0,1,0,0,0,0,0,0,1,0,0,0,0,0
1048.68,7,1048.68,7,2025,9,21,6,1,3,-1.0,-1.8369701987210297e-16,-0.7818314824680299,0.6234898018587334,149.8114285714286,229.27456984126985,-79.46314126984126,1221.905306122449,1149.845,0,0,0,0,1,0,0,0,1,0,0,0,0,0,0,0,0,0,0,0,0,0,0
633.4,7,633.4,7,2025,3,26,2,0,1,1.0,6.123233995736766e-17,0.9749279121818236,-0.22252093395631434,90.48571428571428,281.3152116713352,-190.82949738562093,1470.9004571428572,1784.45784375,0,1,0,0,1,0,0,0,0,0,0,1,0,0,0,0,0,0,1,0,0,0,0
3164.14,9,3164.14,9,2025,12,26,4,0,4,-2.4492935982947064e-16,1.0,-0.433883739117558,-0.9009688679024191,351.5711111111111,222.4501821565408,129.12092895457033,1381.4593448275864,1176.5337,0,0,0,1,0,1,0,1,0,0,0,0,1,0,0,0,0,0,0,1,0,0,0
666.95,2,666.95,2,2025,2,2,6,1,1,0.8660254037844386,0.5000000000000001,-0.7818314824680299,0.6234898018587334,333.475,266.2826741854637,67.19232581453633,1221.905306122449,1382.9090333333334,0,0,1,0,0,0,1,0,1,0,0,0,0,0,1,0,0,0,0,0,0,0,0
2123.46,5,2123.46,5,2025,10,5,6,1,4,-0.8660254037844386,0.5000000000000001,-0.7818314824680299,0.6234898018587334,424.692,280.510435175737,144.18156482426303,1419.773767857143,1382.9090333333334,0,0,1,0,0,0,1,1,0,0,1,0,0,0,0,0,0,1,0,0,0,0,0
2641.91,7,2641.91,7,2025,3,19,2,0,1,1.0,6.123233995736766e-17,0.9749279121818236,-0.22252093395631434,377.4157142857143,266.2826741854637,111.13304010025058,1221.905306122449,1378.488775,0,0,0,0,0,0,1,0,1,0,0,0,0,0,1,0,0,0,0,0,0,0,0
145.47,3,145.47,3,2025,3,5,2,0,1,1.0,6.123233995736766e-17,0.9749279121818236,-0.22252093395631434,48.49,253.12457546296295,-204.63457546296294,1470.9004571428572,1421.5515384615383,1,0,0,0,0,0,1,0,1,0,0,1,0,0,0,0,1,0,0,0,0,0,0
459.48,2,459.48,2,2025,8,23,5,1,3,-0.8660254037844384,-0.5000000000000004,-0.9749279121818236,-0.2225209339563146,229.74,280.510435175737,-50.770435175736964,1419.773767857143,1063.5632826086955,0,0,0,1,0,0,1,1,0,0,1,0,0,0,0,0,0,1,0,0,0,0,0
4662.57,10,4129.7655,10,2025,12,14,6,1,4,-2.4492935982947064e-16,1.0,-0.7818314824680299,0.6234898018587334,412.97655000000003,253.12457546296295,159.85197453703708,1470.9004571428572,1063.5632826086955,0,0,0,1,0,0,1,0,1,0,0,1,0,0,0,0,1,0,0,0,0,0,0
403.23,4,403.23,4,2025,2,22,5,1,1,0.8660254037844386,0.5000000000000001,-0.9749279121818236,-0.2225209339563146,100.8075,256.8781306031746,-156.0706306031746,1481.6387169811321,986.0238461538461,0,0,0,0,0,1,0,0,1,0,0,0,0,1,0,0,0,0,0,0,1,0,0
529.14,9,529.14,9,2025,3,3,0,0,1,1.0,6.123233995736766e-17,0.0,1.0,58.79333333333333,239.71427083333333,-180.9209375,1481.6387169811321,1176.5337,0,0,0,1,0,1,0,1,0,0,0,0,0,1,0,0,0,0,0,0,0,1,0
204.74,6,204.74,6,2025,4,11,4,0,2,0.8660254037844387,-0.4999999999999998,-0.433883739117558,-0.9009688679024191,34.123333333333335,222.4501821565408,-188.32684882320746,1381.4593448275864,1674.6340666666665,1,0,0,0,0,1,0,1,0,0,0,0,1,0,0,0,0,0,0,1,0,0,0
1179.75,3,1179.75,3,2025,8,28,3,0,3,-0.8660254037844384,-0.5000000000000004,0.43388373911755823,-0.900968867902419,393.25,281.3152116713352,111.93478832866481,1470.9004571428572,1612.3752941176472,0,0,0,1,1,0,0,1,0,0,0,1,0,0,0,0,0,0,1,0,0,0,0
268.71,1,268.71,1,2025,10,10,4,0,4,-0.8660254037844386,0.5000000000000001,-0.433883739117558,-0.9009688679024191,268.71,253.12457546296295,15.585424537037028,1470.9004571428572,1382.9090333333334,0,0,1,0,0,0,1,0,1,0,0,1,0,0,0,0,1,0,0,0,0,0,0
30.54,3,30.54,3,2025,9,6,5,1,3,-1.0,-1.8369701987210297e-16,-0.9749279121818236,-0.2225209339563146,10.18,254.12284351851855,-243.94284351851854,1445.8490422535212,1293.1059545454546,0,0,1,0,1,0,0,0,0,1,0,0,0,0,0,0,0,0,0,0,0,0,1
222.15,1,222.15,1,2025,8,10,6,1,3,-0.8660254037844384,-0.5000000000000004,-0.7818314824680299,0.6234898018587334,222.15,240.01875136836344,-17.868751368363434,1445.8490422535212,1352.2137916666668,0,0,1,0,0,1,0,0,0,1,0,0,0,0,0,1,0,0,0,0,0,0,0
500.26,9,500.26,9,2025,7,31,3,0,3,-0.4999999999999997,-0.8660254037844388,0.43388373911755823,-0.900968867902419,55.58444444444444,253.12457546296295,-197.5401310185185,1470.9004571428572,1176.5337,0,0,0,1,0,1,0,1,0,0,0,1,0,0,0,0,1,0,0,0,0,0,0
330.7,1,330.7,1,2025,10,31,4,0,4,-0.8660254037844386,0.5000000000000001,-0.433883739117558,-0.9009688679024191,330.7,254.12284351851855,76.57715648148144,1445.8490422535212,986.0238461538461,0,0,0,0,0,1,0,1,0,1,0,0,0,0,0,0,0,0,0,0,0,0,1
4566.37,10,4129.7655,10,2025,6,20,4,0,2,1.2246467991473532e-16,-1.0,-0.433883739117558,-0.9009688679024191,412.97655000000003,222.4501821565408,190.52636784345924,1381.4593448275864,1256.223638888889,1,0,0,0,0,0,0,1,0,0,0,0,1,0,0,0,0,0,0,1,0,0,0
329.76,3,329.76,3,2025,7,12,5,1,3,-0.4999999999999997,-0.8660254037844388,-0.9749279121818236,-0.2225209339563146,109.92,266.2826741854637,-156.36267418546367,1221.905306122449,1826.7503235294116,0,1,0,0,0,0,1,0,1,0,0,0,0,0,1,0,0,0,0,0,0,0,0
813.55,8,813.55,8,2025,6,25,2,0,2,1.2246467991473532e-16,-1.0,0.9749279121818236,-0.22252093395631434,101.69375,254.12284351851855,-152.42909351851856,1445.8490422535212,1683.3914285714286,0,0,0,1,0,0,0,0,0,1,0,0,0,0,0,0,0,0,0,0,0,0,1
4036.7,10,4036.7,10,2025,7,14,0,0,3,-0.4999999999999997,-0.8660254037844388,0.0,1.0,403.66999999999996,253.12457546296295,150.545424537037,1470.9004571428572,1784.45784375,0,1,0,0,1,0,0,1,0,0,0,1,0,0,0,0,1,0,0,0,0,0,0
2310.96,7,2310.96,7,2025,12,7,6,1,4,-2.4492935982947064e-16,1.0,-0.7818314824680299,0.6234898018587334,330.13714285714286,254.12284351851855,76.01429933862431,1445.8490422535212,1789.1523666666667,0,0,0,0,0,0,0,1,0,1,0,0,0,0,0,0,0,0,0,0,0,0,1
825.42,2,825.42,2,2025,3,23,6,1,1,1.0,6.123233995736766e-17,-0.7818314824680299,0.6234898018587334,412.71,281.3152116713352,131.3947883286648,1470.9004571428572,1789.1523666666667,0,0,0,0,0,0,0,0,1,0,0,1,0,0,0,0,0,0,1,0,0,0,0
561.34,8,561.34,8,2025,2,1,5,1,1,0.8660254037844386,0.5000000000000001,-0.9749279121818236,-0.2225209339563146,70.1675,253.12457546296295,-182.95707546296296,1470.9004571428572,1612.3752941176472,0,0,0,1,1,0,0,1,0,0,0,1,0,0,0,0,1,0,0,0,0,0,0
575.63,2,575.63,2,2025,2,5,2,0,1,0.8660254037844386,0.5000000000000001,0.9749279121818236,-0.22252093395631434,287.815,240.01875136836344,47.79624863163656,1445.8490422535212,1224.9207857142858,0,1,0,0,0,0,0,0,0,1,0,0,0,0,0,1,0,0,0,0,0,0,0
46.43,2,46.43,2,2025,10,31,4,0,4,-0.8660254037844386,0.5000000000000001,-0.433883739117558,-0.9009688679024191,23.215,253.12457546296295,-229.90957546296295,1470.9004571428572,1382.9090333333334,0,0,1,0,0,0,1,0,1,0,0,1,0,0,0,0,1,0,0,0,0,0,0
386.42,1,386.42,1,2025,1,29,2,0,1,0.49999999999999994,0.8660254037844387,0.9749279121818236,-0.22252093395631434,386.42,254.12284351851855,132.29715648148147,1445.8490422535212,1674.6340666666665,1,0,0,0,0,1,0,0,0,1,0,0,0,0,0,0,0,0,0,0,0,0,1
1313.07,6,1313.07,6,2025,5,15,3,0,2,0.49999999999999994,-0.8660254037844387,0.43388373911755823,-0.900968867902419,218.845,256.8781306031746,-38.03313060317461,1481.6387169811321,1063.5632826086955,0,0,0,1,0,0,1,0,0,0,0,0,0,1,0,0,0,0,0,0,1,0,0
2628.12,8,2628.12,8,2025,12,12,4,0,4,-2.4492935982947064e-16,1.0,-0.433883739117558,-0.9009688679024191,328.515,222.4501821565408,106.0648178434592,1381.4593448275864,1378.488775,0,0,0,0,0,0,1,0,1,0,0,0,1,0,0,0,0,0,0,1,0,0,0
1060.46,4,1060.46,4,2025,5,22,3,0,2,0.49999999999999994,-0.8660254037844387,0.43388373911755823,-0.900968867902419,265.115,229.27456984126985,35.84043015873016,1221.905306122449,1176.5337,0,0,0,1,0,1,0,1,0,0,0,0,0,0,0,0,0,0,0,0,0,0,0
1737.55,10,1737.55,10,2025,4,1,1,0,2,0.8660254037844387,-0.4999999999999998,0.7818314824680298,0.6234898018587336,173.755,266.2826741854637,-92.5276741854637,1221.905306122449,1826.7503235294116,0,1,0,0,0,0,1,1,0,0,0,0,0,0,1,0,0,0,0,0,0,0,0
291.52,5,291.52,5,2025,7,28,0,0,3,-0.4999999999999997,-0.8660254037844388,0.0,1.0,58.303999999999995,222.4501821565408,-164.1461821565408,1381.4593448275864,1149.845,0,0,0,0,1,0,0,0,0,0,0,0,1,0,0,0,0,0,0,1,0,0,0
331.67,1,331.67,1,2025,5,22,3,0,2,0.49999999999999994,-0.8660254037844387,0.43388373911755823,-0.900968867902419,331.67,281.3152116713352,50.354788328664824,1470.9004571428572,1227.9926666666665,0,1,0,0,0,1,0,0,1,0,0,1,0,0,0,0,0,0,1,0,0,0,0
2859.74,8,2859.74,8,2025,7,20,6,1,3,-0.4999999999999997,-0.8660254037844388,-0.7818314824680299,0.6234898018587334,357.4675,239.71427083333333,117.75322916666664,1481.6387169811321,1256.223638888889,1,0,0,0,0,0,0,0,0,0,0,0,0,1,0,0,0,0,0,0,0,1,0
1367.43,4,1367.43,4,2025,8,11,0,0,3,-0.8660254037844384,-0.5000000000000004,0.0,1.0,341.8575,280.510435175737,61.34706482426304,1419.773767857143,1378.488775,0,0,0,0,0,0,1,0,1,0,1,0,0,0,0,0,0,1,0,0,0,0,0
759.02,5,759.02,5,2025,9,12,4,0,3,-1.0,-1.8369701987210297e-16,-0.433883739117558,-0.9009688679024191,151.804,280.510435175737,-128.70643517573697,1419.773767857143,1308.8608333333334,1,0,0,0,1,0,0,1,0,0,1,0,0,0,0,0,0,1,0,0,0,0,0
4463.61,10,4129.7655,10,2025,9,20,5,1,3,-1.0,-1.8369701987210297e-16,-0.9749279121818236,-0.2225209339563146,412.97655000000003,254.12284351851855,158.85370648148148,1445.8490422535212,1826.7503235294116,0,1,0,0,0,0,1,1,0,1,0,0,0,0,0,0,0,0,0,0,0,0,1
1842.12,7,1842.12,7,2025,11,15,5,1,4,-0.5000000000000004,0.8660254037844384,-0.9749279121818236,-0.2225209339563146,263.15999999999997,253.12457546296295,10.035424537037017,1470.9004571428572,1256.223638888889,1,0,0,0,0,0,0,0,0,0,0,1,0,0,0,0,1,0,0,0,0,0,0
430.75,3,430.75,3,2025,2,11,1,0,1,0.8660254037844386,0.5000000000000001,0.7818314824680298,0.6234898018587336,143.58333333333334,280.510435175737,-136.92710184240363,1419.773767857143,1378.488775,0,0,0,0,0,0,1,1,0,0,1,0,0,0,0,0,0,1,0,0,0,0,0
676.0,2,676.0,2,2025,3,1,5,1,1,1.0,6.123233995736766e-17,-0.9749279121818236,-0.2225209339563146,338.0,240.01875136836344,97.98124863163656,1445.8490422535212,1648.9165769230772,0,0,1,0,0,0,0,0,1,1,0,0,0,0,0,1,0,0,0,0,0,0,0
3470.22,10,3470.22,10,2025,4,5,5,1,2,0.8660254037844387,-0.4999999999999998,-0.9749279121818236,-0.2225209339563146,347.022,281.3152116713352,65.7067883286648,1470.9004571428572,1421.5515384615383,1,0,0,0,0,0,1,1,0,0,0,1,0,0,0,0,0,0,1,0,0,0,0
3153.52,7,3153.52,7,2025,5,25,6,1,2,0.49999999999999994,-0.8660254037844387,-0.7818314824680299,0.6234898018587334,450.5028571428571,229.27456984126985,221.22828730158727,1221.905306122449,1227.9926666666665,0,1,0,0,0,1,0,1,0,0,0,0,0,0,0,0,0,0,0,0,0,0,0
932.61,5,932.61,5,2025,1,4,5,1,1,0.49999999999999994,0.8660254037844387,-0.9749279121818236,-0.2225209339563146,186.522,239.71427083333333,-53.19227083333334,1481.6387169811321,1176.5337,0,0,0,1,0,1,0,0,1,0,0,0,0,1,0,0,0,0,0,0,0,1,0
1371.87,7,1371.87,7,2025,2,7,4,0,1,0.8660254037844386,0.5000000000000001,-0.433883739117558,-0.9009688679024191,195.98142857142855,253.12457546296295,-57.1431468915344,1470.9004571428572,1176.5337,0,0,0,1,0,1,0,0,1,0,0,1,0,0,0,0,1,0,0,0,0,0,0
231.99,1,231.99,1,2025,5,5,0,0,2,0.49999999999999994,-0.8660254037844387,0.0,1.0,231.99,239.71427083333333,-7.724270833333321,1481.6387169811321,1784.45784375,0,1,0,0,1,0,0,0,0,0,0,0,0,1,0,0,0,0,0,0,0,1,0
711.62,3,711.62,3,2025,11,25,1,0,4,-0.5000000000000004,0.8660254037844384,0.7818314824680298,0.6234898018587336,237.20666666666668,253.12457546296295,-15.917908796296274,1470.9004571428572,986.0238461538461,0,0,0,0,0,1,0,1,0,0,0,1,0,0,0,0,1,0,0,0,0,0,0
3648.77,10,3648.77,10,2025,4,8,1,0,2,0.8660254037844387,-0.4999999999999998,0.7818314824680298,0.6234898018587336,364.877,229.27456984126985,135.60243015873016,1221.905306122449,1063.5632826086955,0,0,0,1,0,0,1,1,0,0,0,0,0,0,0,0,0,0,0,0,0,0,0
599.26,2,599.26,2,2025,9,1,0,0,3,-1.0,-1.8369701987210297e-16,0.0,1.0,299.63,266.2826741854637,33.347325814536305,1221.905306122449,1378.488775,0,0,0,0,0,0,1,0,0,0,0,0,0,0,1,0,0,0,0,0,0,0,0
359.58,6,359.58,6,2025,1,1,2,0,1,0.49999999999999994,0.8660254037844387,0.9749279121818236,-0.22252093395631434,59.93,222.4501821565408,-162.52018215654078,1381.4593448275864,1382.9090333333334,0,0,1,0,0,0,1,0,0,0,0,0,1,0,0,0,0,0,0,1,0,0,0
1314.42,7,1314.42,7,2025,6,28,5,1,2,1.2246467991473532e-16,-1.0,-0.9749279121818236,-0.2225209339563146,187.77428571428572,222.4501821565408,-34.675896442255066,1381.4593448275864,1227.9926666666665,0,1,0,0,0,1,0,0,0,0,0,0,1,0,0,0,0,0,0,1,0,0,0
193.98,1,193.98,1,2025,12,28,6,1,4,-2.4492935982947064e-16,1.0,-0.7818314824680299,0.6234898018587334,193.98,222.4501821565408,-28.4701821565408,1381.4593448275864,1176.5337,0,0,0,1,0,1,0,0,1,0,0,0,1,0,0,0,0,0,0,1,0,0,0
1453.69,3,1453.69,3,2025,8,6,2,0,3,-0.8660254037844384,-0.5000000000000004,0.9749279121818236,-0.22252093395631434,484.56333333333333,253.12457546296295,231.43875787037038,1470.9004571428572,1063.5632826086955,0,0,0,1,0,0,1,1,0,0,0,1,0,0,0,0,1,0,0,0,0,0,0
1491.35,8,1491.35,8,2025,2,13,3,0,1,0.8660254037844386,0.5000000000000001,0.43388373911755823,-0.900968867902419,186.41875,253.12457546296295,-66.70582546296296,1470.9004571428572,1421.5515384615383,1,0,0,0,0,0,1,1,0,0,0,1,0,0,0,0,1,0,0,0,0,0,0
401.71,2,401.71,2,2025,9,24,2,0,3,-1.0,-1.8369701987210297e-16,0.9749279121818236,-0.22252093395631434,200.855,229.27456984126985,-28.419569841269862,1221.905306122449,1149.845,0,0,0,0,1,0,0,0,0,0,0,0,0,0,0,0,0,0,0,0,0,0,0
3093.11,10,3093.11,10,2025,8,12,1,0,3,-0.8660254037844384,-0.5000000000000004,0.7818314824680298,0.6234898018587336,309.31100000000004,222.4501821565408,86.86081784345924,1381.4593448275864,1789.1523666666667,0,0,0,0,0,0,0,0,0,0,0,0,1,0,0,0,0,0,0,1,0,0,0
372.91,1,372.91,1,2025,12,30,1,0,4,-2.4492935982947064e-16,1.0,0.7818314824680298,0.6234898018587336,372.91,229.27456984126985,143.63543015873017,1221.905306122449,1612.3752941176472,0,0,0,1,1,0,0,0,0,0,0,0,0,0,0,0,0,0,0,0,0,0,0
82.51,1,82.51,1,2025,12,5,4,0,4,-2.4492935982947064e-16,1.0,-0.433883739117558,-0.9009688679024191,82.51,239.71427083333333,-157.20427083333334,1481.6387169811321,1382.9090333333334,0,0,1,0,0,0,1,0,0,0,0,0,0,1,0,0,0,0,0,0,0,1,0
273.69,4,273.69,4,2025,12,11,3,0,4,-2.4492935982947064e-16,1.0,0.43388373911755823,-0.900968867902419,68.4225,254.12284351851855,-185.70034351851854,1445.8490422535212,1382.9090333333334,0,0,1,0,0,0,1,1,0,1,0,0,0,0,0,0,0,0,0,0,0,0,1
843.18,2,843.18,2,2025,12,16,1,0,4,-2.4492935982947064e-16,1.0,0.7818314824680298,0.6234898018587336,421.59,254.12284351851855,167.46715648148142,1445.8490422535212,1826.7503235294116,0,1,0,0,0,0,1,1,0,1,0,0,0,0,0,0,0,0,0,0,0,0,1
381.52,2,381.52,2,2025,10,10,4,0,4,-0.8660254037844386,0.5000000000000001,-0.433883739117558,-0.9009688679024191,190.76,240.01875136836344,-49.25875136836345,1445.8490422535212,1826.7503235294116,0,1,0,0,0,0,1,1,0,1,0,0,0,0,0,1,0,0,0,0,0,0,0
936.53,8,936.53,8,2025,3,13,3,0,1,1.0,6.123233995736766e-17,0.43388373911755823,-0.900968867902419,117.06625,256.8781306031746,-139.81188060317461,1481.6387169811321,1378.488775,0,0,0,0,0,0,1,0,0,0,0,0,0,1,0,0,0,0,0,0,1,0,0
2500.05,8,2500.05,8,2025,5,4,6,1,2,0.49999999999999994,-0.8660254037844387,-0.7818314824680299,0.6234898018587334,312.50625,254.12284351851855,58.38340648148147,1445.8490422535212,1293.1059545454546,0,0,1,0,1,0,0,0,0,1,0,0,0,0,0,0,0,0,0,0,0,0,1
116.92,2,116.92,2,2025,9,11,3,0,3,-1.0,-1.8369701987210297e-16,0.43388373911755823,-0.900968867902419,58.46,253.12457546296295,-194.66457546296294,1470.9004571428572,1674.6340666666665,1,0,0,0,0,1,0,0,0,0,0,1,0,0,0,0,1,0,0,0,0,0,0
1085.07,3,1085.07,3,2025,4,4,4,0,2,0.8660254037844387,-0.4999999999999998,-0.433883739117558,-0.9009688679024191,361.69,239.71427083333333,121.97572916666667,1481.6387169811321,986.0238461538461,0,0,0,0,0,1,0,0,1,0,0,0,0,1,0,0,0,0,0,0,0,1,0
115.51,2,115.51,2,2025,3,22,5,1,1,1.0,6.123233995736766e-17,-0.9749279121818236,-0.2225209339563146,57.755,266.2826741854637,-208.5276741854637,1221.905306122449,1063.5632826086955,0,0,0,1,0,0,1,1,0,0,0,0,0,0,1,0,0,0,0,0,0,0,0
531.56,2,531.56,2,2025,5,25,6,1,2,0.49999999999999994,-0.8660254037844387,-0.7818314824680299,0.6234898018587334,265.78,253.12457546296295,12.655424537037021,1470.9004571428572,1176.5337,0,0,0,1,0,1,0,0,1,0,0,1,0,0,0,0,1,0,0,0,0,0,0
3162.73,7,3162.73,7,2025,1,4,5,1,1,0.49999999999999994,0.8660254037844387,-0.9749279121818236,-0.2225209339563146,451.81857142857143,229.27456984126985,222.54400158730158,1221.905306122449,986.0238461538461,0,0,0,0,0,1,0,0,1,0,0,0,0,0,0,0,0,0,0,0,0,0,0
780.5,3,780.5,3,2025,12,7,6,1,4,-2.4492935982947064e-16,1.0,-0.7818314824680299,0.6234898018587334,260.1666666666667,254.12284351851855,6.043823148148135,1445.8490422535212,1683.3914285714286,0,0,0,1,0,0,0,0,0,1,0,0,0,0,0,0,0,0,0,0,0,0,1
777.88,8,777.88,8,2025,5,4,6,1,2,0.49999999999999994,-0.8660254037844387,-0.7818314824680299,0.6234898018587334,97.235,256.8781306031746,-159.6431306031746,1481.6387169811321,1224.9207857142858,0,1,0,0,0,0,0,1,0,0,0,0,0,1,0,0,0,0,0,0,1,0,0
3399.53,9,3399.53,9,2025,12,1,0,0,4,-2.4492935982947064e-16,1.0,0.0,1.0,377.72555555555556,256.8781306031746,120.84742495238095,1481.6387169811321,1683.3914285714286,0,0,0,1,0,0,0,0,1,0,0,0,0,1,0,0,0,0,0,0,1,0,0
1141.18,3,1141.18,3,2025,1,1,2,0,1,0.49999999999999994,0.8660254037844387,0.9749279121818236,-0.22252093395631434,380.3933333333334,253.12457546296295,127.26875787037042,1470.9004571428572,1826.7503235294116,0,1,0,0,0,0,1,0,0,0,0,1,0,0,0,0,1,0,0,0,0,0,0
2330.83,7,2330.83,7,2025,1,23,3,0,1,0.49999999999999994,0.8660254037844387,0.43388373911755823,-0.900968867902419,332.9757142857143,253.12457546296295,79.85113882275132,1470.9004571428572,1227.9926666666665,0,1,0,0,0,1,0,0,1,0,0,1,0,0,0,0,1,0,0,0,0,0,0
1414.12,9,1414.12,9,2025,11,9,6,1,4,-0.5000000000000004,0.8660254037844384,-0.7818314824680299,0.6234898018587334,157.12444444444444,281.3152116713352,-124.19076722689076,1470.9004571428572,1789.1523666666667,0,0,0,0,0,0,0,1,0,0,0,1,0,0,0,0,0,0,1,0,0,0,0
3985.81,8,3985.81,8,2025,2,20,3,0,1,0.8660254037844386,0.5000000000000001,0.43388373911755823,-0.900968867902419,498.22625,253.12457546296295,245.10167453703704,1470.9004571428572,1826.7503235294116,0,1,0,0,0,0,1,0,1,0,0,1,0,0,0,0,1,0,0,0,0,0,0
20.79,2,20.79,2,2025,4,6,6,1,2,0.8660254037844387,-0.4999999999999998,-0.7818314824680299,0.6234898018587334,10.395,222.4501821565408,-212.05518215654078,1381.4593448275864,1378.488775,0,0,0,0,0,0,1,0,0,0,0,0,1,0,0,0,0,0,0,1,0,0,0
834.73,7,834.73,7,2025,5,30,4,0,2,0.49999999999999994,-0.8660254037844387,-0.433883739117558,-0.9009688679024191,119.24714285714286,254.12284351851855,-134.87570066137567,1445.8490422535212,1648.9165769230772,0,0,1,0,0,0,0,0,0,1,0,0,0,0,0,0,0,0,0,0,0,0,1
2843.58,7,2843.58,7,2025,3,23,6,1,1,1.0,6.123233995736766e-17,-0.7818314824680299,0.6234898018587334,406.2257142857143,254.12284351851855,152.10287076719572,1445.8490422535212,1352.2137916666668,0,0,1,0,0,1,0,0,1,1,0,0,0,0,0,0,0,0,0,0,0,0,1
573.64,2,573.64,2,2025,12,10,2,0,4,-2.4492935982947064e-16,1.0,0.9749279121818236,-0.22252093395631434,286.82,256.8781306031746,29.941869396825382,1481.6387169811321,1352.2137916666668,0,0,1,0,0,1,0,1,0,0,0,0,0,1,0,0,0,0,0,0,1,0,0
398.16,3,398.16,3,2025,5,28,2,0,2,0.49999999999999994,-0.8660254037844387,0.9749279121818236,-0.22252093395631434,132.72,229.27456984126985,-96.55456984126985,1221.905306122449,1224.9207857142858,0,1,0,0,0,0,0,0,1,0,0,0,0,0,0,0,0,0,0,0,0,0,0
412.63,2,412.63,2,2025,6,5,3,0,2,1.2246467991473532e-16,-1.0,0.43388373911755823,-0.900968867902419,206.315,254.12284351851855,-47.80784351851855,1445.8490422535212,1149.845,0,0,0,0,1,0,0,0,0,1,0,0,0,0,0,0,0,0,0,0,0,0,1
508.86,3,508.86,3,2025,7,16,2,0,3,-0.4999999999999997,-0.8660254037844388,0.9749279121818236,-0.22252093395631434,169.62,256.8781306031746,-87.2581306031746,1481.6387169811321,1176.5337,0,0,0,1,0,1,0,1,0,0,0,0,0,1,0,0,0,0,0,0,1,0,0
2250.97,9,2250.97,9,2025,12,19,4,0,4,-2.4492935982947064e-16,1.0,-0.433883739117558,-0.9009688679024191,250.10777777777776,239.71427083333333,10.393506944444425,1481.6387169811321,1789.1523666666667,0,0,0,0,0,0,0,1,0,0,0,0,0,1,0,0,0,0,0,0,0,1,0
640.2,9,640.2,9,2025,12,17,2,0,4,-2.4492935982947064e-16,1.0,0.9749279121818236,-0.22252093395631434,71.13333333333334,253.12457546296295,-181.9912421296296,1470.9004571428572,1227.9926666666665,0,1,0,0,0,1,0,0,1,0,0,1,0,0,0,0,1,0,0,0,0,0,0
1456.87,8,1456.87,8,2025,4,23,2,0,2,0.8660254037844387,-0.4999999999999998,0.9749279121818236,-0.22252093395631434,182.10875,254.12284351851855,-72.01409351851856,1445.8490422535212,1378.488775,0,0,0,0,0,0,1,0,0,1,0,0,0,0,0,0,0,0,0,0,0,0,1
348.19,1,348.19,1,2025,8,25,0,0,3,-0.8660254037844384,-0.5000000000000004,0.0,1.0,348.19,281.3152116713352,66.8747883286648,1470.9004571428572,1826.7503235294116,0,1,0,0,0,0,1,0,0,0,0,1,0,0,0,0,0,0,1,0,0,0,0
172.59,2,172.59,2,2025,1,28,1,0,1,0.49999999999999994,0.8660254037844387,0.7818314824680298,0.6234898018587336,86.295,239.71427083333333,-153.41927083333331,1481.6387169811321,1149.845,0,0,0,0,1,0,0,0,0,0,0,0,0,1,0,0,0,0,0,0,0,1,0
683.56,3,683.56,3,2025,6,21,5,1,2,1.2246467991473532e-16,-1.0,-0.9749279121818236,-0.2225209339563146,227.85333333333332,239.71427083333333,-11.860937500000006,1481.6387169811321,1293.1059545454546,0,0,1,0,1,0,0,1,0,0,0,0,0,1,0,0,0,0,0,0,0,1,0
1646.47,10,1646.47,10,2025,3,13,3,0,1,1.0,6.123233995736766e-17,0.43388373911755823,-0.900968867902419,164.647,240.01875136836344,-75.37175136836345,1445.8490422535212,1352.2137916666668,0,0,1,0,0,1,0,0,0,1,0,0,0,0,0,1,0,0,0,0,0,0,0
2017.6,8,2017.6,8,2025,2,28,4,0,1,0.8660254037844386,0.5000000000000001,-0.433883739117558,-0.9009688679024191,252.2,253.12457546296295,-0.924575462962963,1470.9004571428572,1378.488775,0,0,0,0,0,0,1,0,0,0,0,1,0,0,0,0,1,0,0,0,0,0,0
382.84,2,382.84,2,2025,1,4,5,1,1,0.49999999999999994,0.8660254037844387,-0.9749279121818236,-0.2225209339563146,191.42,266.2826741854637,-74.8626741854637,1221.905306122449,1063.5632826086955,0,0,0,1,0,0,1,0,0,0,0,0,0,0,1,0,0,0,0,0,0,0,0
1909.87,10,1909.87,10,2025,6,27,4,0,2,1.2246467991473532e-16,-1.0,-0.433883739117558,-0.9009688679024191,190.987,254.12284351851855,-63.135843518518556,1445.8490422535212,1149.845,0,0,0,0,1,0,0,0,1,1,0,0,0,0,0,0,0,0,0,0,0,0,1
2657.15,6,2657.15,6,2025,12,21,6,1,4,-2.4492935982947064e-16,1.0,-0.7818314824680299,0.6234898018587334,442.85833333333335,222.4501821565408,220.40815117679256,1381.4593448275864,1612.3752941176472,0,0,0,1,1,0,0,1,0,0,0,0,1,0,0,0,0,0,0,1,0,0,0
2252.99,5,2252.99,5,2025,4,21,0,0,2,0.8660254037844387,-0.4999999999999998,0.0,1.0,450.59799999999996,239.71427083333333,210.88372916666663,1481.6387169811321,1421.5515384615383,1,0,0,0,0,0,1,1,0,0,0,0,0,1,0,0,0,0,0,0,0,1,0
2030.51,8,2030.51,8,2025,3,4,1,0,1,1.0,6.123233995736766e-17,0.7818314824680298,0.6234898018587336,253.81375,281.3152116713352,-27.501461671335193,1470.9004571428572,1683.3914285714286,0,0,0,1,0,0,0,0,0,0,0,1,0,0,0,0,0,0,1,0,0,0,0
1007.7,7,1007.7,7,2025,5,6,1,0,2,0.49999999999999994,-0.8660254037844387,0.7818314824680298,0.6234898018587336,143.95714285714286,229.27456984126985,-85.317426984127,1221.905306122449,1352.2137916666668,0,0,1,0,0,1,0,0,0,0,0,0,0,0,0,0,0,0,0,0,0,0,0
179.23,1,179.23,1,2025,4,22,1,0,2,0.8660254037844387,-0.4999999999999998,0.7818314824680298,0.6234898018587336,179.23,254.12284351851855,-74.89284351851856,1445.8490422535212,1784.45784375,0,1,0,0,1,0,0,0,1,1,0,0,0,0,0,0,0,0,0,0,0,0,1
558.59,2,558.59,2,2025,7,17,3,0,3,-0.4999999999999997,-0.8660254037844388,0.43388373911755823,-0.900968867902419,279.295,229.27456984126985,50.020430158730164,1221.905306122449,1789.1523666666667,0,0,0,0,0,0,0,0,1,0,0,0,0,0,0,0,0,0,0,0,0,0,0
3508.36,10,3508.36,10,2025,1,1,2,0,1,0.49999999999999994,0.8660254037844387,0.9749279121818236,-0.22252093395631434,350.836,240.01875136836344,110.81724863163657,1445.8490422535212,1648.9165769230772,0,0,1,0,0,0,0,0,1,1,0,0,0,0,0,1,0,0,0,0,0,0,0
4089.7,9,4089.7,9,2025,6,12,3,0,2,1.2246467991473532e-16,-1.0,0.43388373911755823,-0.900968867902419,454.4111111111111,280.510435175737,173.90067593537412,1419.773767857143,1612.3752941176472,0,0,0,1,1,0,0,0,0,0,1,0,0,0,0,0,0,1,0,0,0,0,0
441.99,5,441.99,5,2025,9,15,0,0,3,-1.0,-1.8369701987210297e-16,0.0,1.0,88.398,280.510435175737,-192.11243517573698,1419.773767857143,1256.223638888889,1,0,0,0,0,0,0,0,1,0,1,0,0,0,0,0,0,1,0,0,0,0,0
1386.18,5,1386.18,5,2025,9,14,6,1,3,-1.0,-1.8369701987210297e-16,-0.7818314824680299,0.6234898018587334,277.236,280.510435175737,-3.2744351757369827,1419.773767857143,1648.9165769230772,0,0,1,0,0,0,0,0,0,0,1,0,0,0,0,0,0,1,0,0,0,0,0
1669.54,7,1669.54,7,2025,6,7,5,1,2,1.2246467991473532e-16,-1.0,-0.9749279121818236,-0.2225209339563146,238.50571428571428,240.01875136836344,-1.5130370826491628,1445.8490422535212,1224.9207857142858,0,1,0,0,0,0,0,1,0,1,0,0,0,0,0,1,0,0,0,0,0,0,0
471.79,3,471.79,3,2025,4,10,3,0,2,0.8660254037844387,-0.4999999999999998,0.43388373911755823,-0.900968867902419,157.26333333333335,280.510435175737,-123.24710184240362,1419.773767857143,1256.223638888889,1,0,0,0,0,0,0,0,1,0,1,0,0,0,0,0,0,1,0,0,0,0,0
4127.12,10,4127.12,10,2025,6,9,0,0,2,1.2246467991473532e-16,-1.0,0.0,1.0,412.712,281.3152116713352,131.3967883286648,1470.9004571428572,1784.45784375,0,1,0,0,1,0,0,1,0,0,0,1,0,0,0,0,0,0,1,0,0,0,0
238.84,1,238.84,1,2025,5,2,4,0,2,0.49999999999999994,-0.8660254037844387,-0.433883739117558,-0.9009688679024191,238.84,229.27456984126985,9.565430158730152,1221.905306122449,986.0238461538461,0,0,0,0,0,1,0,0,1,0,0,0,0,0,0,0,0,0,0,0,0,0,0
676.03,6,676.03,6,2025,1,27,0,0,1,0.49999999999999994,0.8660254037844387,0.0,1.0,112.67166666666667,253.12457546296295,-140.4529087962963,1470.9004571428572,1224.9207857142858,0,1,0,0,0,0,0,1,0,0,0,1,0,0,0,0,1,0,0,0,0,0,0
298.25,4,298.25,4,2025,3,13,3,0,1,1.0,6.123233995736766e-17,0.43388373911755823,-0.900968867902419,74.5625,222.4501821565408,-147.8876821565408,1381.4593448275864,1352.2137916666668,0,0,1,0,0,1,0,1,0,0,0,0,1,0,0,0,0,0,0,1,0,0,0
852.62,5,852.62,5,2025,7,8,1,0,3,-0.4999999999999997,-0.8660254037844388,0.7818314824680298,0.6234898018587336,170.524,254.12284351851855,-83.59884351851855,1445.8490422535212,1683.3914285714286,0,0,0,1,0,0,0,0,0,1,0,0,0,0,0,0,0,0,0,0,0,0,1
1159.88,4,1159.88,4,2025,11,8,5,1,4,-0.5000000000000004,0.8660254037844384,-0.9749279121818236,-0.2225209339563146,289.97,254.12284351851855,35.84715648148148,1445.8490422535212,1256.223638888889,1,0,0,0,0,0,0,1,0,1,0,0,0,0,0,0,0,0,0,0,0,0,1
1065.7,6,1065.7,6,2025,2,15,5,1,1,0.8660254037844386,0.5000000000000001,-0.9749279121818236,-0.2225209339563146,177.61666666666667,239.71427083333333,-62.097604166666656,1481.6387169811321,1789.1523666666667,0,0,0,0,0,0,0,1,0,0,0,0,0,1,0,0,0,0,0,0,0,1,0
8.02,1,8.02,1,2025,3,17,0,0,1,1.0,6.123233995736766e-17,0.0,1.0,8.02,222.4501821565408,-214.43018215654078,1381.4593448275864,1648.9165769230772,0,0,1,0,0,0,0,0,0,0,0,0,1,0,0,0,0,0,0,1,0,0,0
2265.74,6,2265.74,6,2025,9,13,5,1,3,-1.0,-1.8369701987210297e-16,-0.9749279121818236,-0.2225209339563146,377.6233333333333,281.3152116713352,96.30812166199809,1470.9004571428572,1612.3752941176472,0,0,0,1,1,0,0,0,1,0,0,1,0,0,0,0,0,0,1,0,0,0,0
658.63,2,658.63,2,2025,9,15,0,0,3,-1.0,-1.8369701987210297e-16,0.0,1.0,329.315,280.510435175737,48.804564824263025,1419.773767857143,1176.5337,0,0,0,1,0,1,0,0,1,0,1,0,0,0,0,0,0,1,0,0,0,0,0
947.55,5,947.55,5,2025,6,17,1,0,2,1.2246467991473532e-16,-1.0,0.7818314824680298,0.6234898018587336,189.51,240.01875136836344,-50.50875136836345,1445.8490422535212,1227.9926666666665,0,1,0,0,0,1,0,0,0,1,0,0,0,0,0,1,0,0,0,0,0,0,0
4756.77,10,4129.7655,10,2025,9,14,6,1,3,-1.0,-1.8369701987210297e-16,-0.7818314824680299,0.6234898018587334,412.97655000000003,280.510435175737,132.46611482426306,1419.773767857143,1674.6340666666665,1,0,0,0,0,1,0,0,0,0,1,0,0,0,0,0,0,1,0,0,0,0,0
1064.26,6,1064.26,6,2025,9,9,1,0,3,-1.0,-1.8369701987210297e-16,0.7818314824680298,0.6234898018587336,177.37666666666667,281.3152116713352,-103.93854500466853,1470.9004571428572,1789.1523666666667,0,0,0,0,0,0,0,1,0,0,0,1,0,0,0,0,0,0,1,0,0,0,0
3578.38,10,3578.38,10,2025,1,13,0,0,1,0.49999999999999994,0.8660254037844387,0.0,1.0,357.838,254.12284351851855,103.71515648148147,1445.8490422535212,1683.3914285714286,0,0,0,1,0,0,0,1,0,1,0,0,0,0,0,0,0,0,0,0,0,0,1
2331.96,6,2331.96,6,2025,12,1,0,0,4,-2.4492935982947064e-16,1.0,0.0,1.0,388.66,239.71427083333333,148.9457291666667,1481.6387169811321,1826.7503235294116,0,1,0,0,0,0,1,1,0,0,0,0,0,1,0,0,0,0,0,0,0,1,0
1343.46,3,1343.46,3,2025,5,4,6,1,2,0.49999999999999994,-0.8660254037844387,-0.7818314824680299,0.6234898018587334,447.82,256.8781306031746,190.94186939682538,1481.6387169811321,1826.7503235294116,0,1,0,0,0,0,1,0,0,0,0,0,0,1,0,0,0,0,0,0,1,0,0
228.63,3,228.63,3,2025,3,3,0,0,1,1.0,6.123233995736766e-17,0.0,1.0,76.21,254.12284351851855,-177.91284351851857,1445.8490422535212,1784.45784375,0,1,0,0,1,0,0,0,1,1,0,0,0,0,0,0,0,0,0,0,0,0,1
949.66,2,949.66,2,2025,9,5,4,0,3,-1.0,-1.8369701987210297e-16,-0.433883739117558,-0.9009688679024191,474.83,266.2826741854637,208.5473258145363,1221.905306122449,1789.1523666666667,0,0,0,0,0,0,0,1,0,0,0,0,0,0,1,0,0,0,0,0,0,0,0
450.1,8,450.1,8,2025,2,21,4,0,1,0.8660254037844386,0.5000000000000001,-0.433883739117558,-0.9009688679024191,56.2625,280.510435175737,-224.24793517573698,1419.773767857143,1308.8608333333334,1,0,0,0,1,0,0,0,1,0,1,0,0,0,0,0,0,1,0,0,0,0,0
697.73,3,697.73,3,2025,7,15,1,0,3,-0.4999999999999997,-0.8660254037844388,0.7818314824680298,0.6234898018587336,232.57666666666668,280.510435175737,-47.93376850907029,1419.773767857143,1227.9926666666665,0,1,0,0,0,1,0,0,0,0,1,0,0,0,0,0,0,1,0,0,0,0,0
1478.0,3,1478.0,3,2025,2,13,3,0,1,0.8660254037844386,0.5000000000000001,0.43388373911755823,-0.900968867902419,492.6666666666667,281.3152116713352,211.3514549953315,1470.9004571428572,1826.7503235294116,0,1,0,0,0,0,1,0,0,0,0,1,0,0,0,0,0,0,1,0,0,0,0
1670.86,6,1670.86,6,2025,3,29,5,1,1,1.0,6.123233995736766e-17,-0.9749279121818236,-0.2225209339563146,278.47666666666663,280.510435175737,-2.0337685090703417,1419.773767857143,1382.9090333333334,0,0,1,0,0,0,1,1,0,0,1,0,0,0,0,0,0,1,0,0,0,0,0
1275.98,10,1275.98,10,2025,6,18,2,0,2,1.2246467991473532e-16,-1.0,0.9749279121818236,-0.22252093395631434,127.598,229.27456984126985,-101.67656984126985,1221.905306122449,1352.2137916666668,0,0,1,0,0,1,0,1,0,0,0,0,0,0,0,0,0,0,0,0,0,0,0
230.87,2,230.87,2,2025,12,13,5,1,4,-2.4492935982947064e-16,1.0,-0.9749279121818236,-0.2225209339563146,115.435,222.4501821565408,-107.01518215654079,1381.4593448275864,1612.3752941176472,0,0,0,1,1,0,0,0,1,0,0,0,1,0,0,0,0,0,0,1,0,0,0
264.59,1,264.59,1,2025,3,7,4,0,1,1.0,6.123233995736766e-17,-0.433883739117558,-0.9009688679024191,264.59,254.12284351851855,10.467156481481425,1445.8490422535212,1612.3752941176472,0,0,0,1,1,0,0,0,0,1,0,0,0,0,0,0,0,0,0,0,0,0,1
2203.64,5,2203.64,5,2025,1,27,0,0,1,0.49999999999999994,0.8660254037844387,0.0,1.0,440.72799999999995,229.27456984126985,211.4534301587301,1221.905306122449,1227.9926666666665,0,1,0,0,0,1,0,0,1,0,0,0,0,0,0,0,0,0,0,0,0,0,0
2087.56,10,2087.56,10,2025,6,3,1,0,2,1.2246467991473532e-16,-1.0,0.7818314824680298,0.6234898018587336,208.756,239.71427083333333,-30.95827083333333,1481.6387169811321,1683.3914285714286,0,0,0,1,0,0,0,1,0,0,0,0,0,1,0,0,0,0,0,0,0,1,0
2110.97,9,2110.97,9,2025,3,2,6,1,1,1.0,6.123233995736766e-17,-0.7818314824680299,0.6234898018587334,234.5522222222222,254.12284351851855,-19.570621296296338,1445.8490422535212,1789.1523666666667,0,0,0,0,0,0,0,0,0,1,0,0,0,0,0,0,0,0,0,0,0,0,1
916.33,9,916.33,9,2025,1,12,6,1,1,0.49999999999999994,0.8660254037844387,-0.7818314824680299,0.6234898018587334,101.81444444444445,240.01875136836344,-138.20430692391898,1445.8490422535212,1224.9207857142858,0,1,0,0,0,0,0,0,1,1,0,0,0,0,0,1,0,0,0,0,0,0,0
180.08,1,180.08,1,2025,8,17,6,1,3,-0.8660254037844384,-0.5000000000000004,-0.7818314824680299,0.6234898018587334,180.08,266.2826741854637,-86.20267418546368,1221.905306122449,1063.5632826086955,0,0,0,1,0,0,1,1,0,0,0,0,0,0,1,0,0,0,0,0,0,0,0
290.06,1,290.06,1,2025,2,18,1,0,1,0.8660254037844386,0.5000000000000001,0.7818314824680298,0.6234898018587336,290.06,281.3152116713352,8.74478832866481,1470.9004571428572,1149.845,0,0,0,0,1,0,0,0,0,0,0,1,0,0,0,0,0,0,1,0,0,0,0
1744.29,5,1744.29,5,2025,5,22,3,0,2,0.49999999999999994,-0.8660254037844387,0.43388373911755823,-0.900968867902419,348.858,256.8781306031746,91.97986939682539,1481.6387169811321,1227.9926666666665,0,1,0,0,0,1,0,0,0,0,0,0,0,1,0,0,0,0,0,0,1,0,0
649.18,2,649.18,2,2025,7,15,1,0,3,-0.4999999999999997,-0.8660254037844388,0.7818314824680298,0.6234898018587336,324.59,266.2826741854637,58.307325814536284,1221.905306122449,1063.5632826086955,0,0,0,1,0,0,1,0,1,0,0,0,0,0,1,0,0,0,0,0,0,0,0
2060.46,9,2060.46,9,2025,9,11,3,0,3,-1.0,-1.8369701987210297e-16,0.43388373911755823,-0.900968867902419,228.94,239.71427083333333,-10.774270833333333,1481.6387169811321,1683.3914285714286,0,0,0,1,0,0,0,1,0,0,0,0,0,1,0,0,0,0,0,0,0,1,0
1782.13,4,1782.13,4,2025,3,30,6,1,1,1.0,6.123233995736766e-17,-0.7818314824680299,0.6234898018587334,445.5325,222.4501821565408,223.08231784345924,1381.4593448275864,1227.9926666666665,0,1,0,0,0,1,0,1,0,0,0,0,1,0,0,0,0,0,0,1,0,0,0
843.07,5,843.07,5,2025,7,30,2,0,3,-0.4999999999999997,-0.8660254037844388,0.9749279121818236,-0.22252093395631434,168.614,222.4501821565408,-53.83618215654079,1381.4593448275864,1176.5337,0,0,0,1,0,1,0,0,0,0,0,0,1,0,0,0,0,0,0,1,0,0,0
3754.91,10,3754.91,10,2025,2,2,6,1,1,0.8660254037844386,0.5000000000000001,-0.7818314824680299,0.6234898018587334,375.491,253.12457546296295,122.36642453703703,1470.9004571428572,1784.45784375,0,1,0,0,1,0,0,0,1,0,0,1,0,0,0,0,1,0,0,0,0,0,0
3062.04,8,3062.04,8,2025,4,21,0,0,2,0.8660254037844387,-0.4999999999999998,0.0,1.0,382.755,256.8781306031746,125.87686939682538,1481.6387169811321,1674.6340666666665,1,0,0,0,0,1,0,0,0,0,0,0,0,1,0,0,0,0,0,0,1,0,0
1618.08,7,1618.08,7,2025,6,22,6,1,2,1.2246467991473532e-16,-1.0,-0.7818314824680299,0.6234898018587334,231.1542857142857,254.12284351851855,-22.96855780423286,1445.8490422535212,1784.45784375,0,1,0,0,1,0,0,0,1,1,0,0,0,0,0,0,0,0,0,0,0,0,1
457.72,1,457.72,1,2025,8,21,3,0,3,-0.8660254037844384,-0.5000000000000004,0.43388373911755823,-0.900968867902419,457.72,239.71427083333333,218.0057291666667,1481.6387169811321,1683.3914285714286,0,0,0,1,0,0,0,1,0,0,0,0,0,1,0,0,0,0,0,0,0,1,0
1257.14,9,1257.14,9,2025,12,11,3,0,4,-2.4492935982947064e-16,1.0,0.43388373911755823,-0.900968867902419,139.68222222222224,239.71427083333333,-100.0320486111111,1481.6387169811321,1149.845,0,0,0,0,1,0,0,0,1,0,0,0,0,1,0,0,0,0,0,0,0,1,0
544.24,4,544.24,4,2025,1,23,3,0,1,0.49999999999999994,0.8660254037844387,0.43388373911755823,-0.900968867902419,136.06,229.27456984126985,-93.21456984126985,1221.905306122449,1308.8608333333334,1,0,0,0,1,0,0,0,1,0,0,0,0,0,0,0,0,0,0,0,0,0,0
697.88,4,697.88,4,2025,2,21,4,0,1,0.8660254037844386,0.5000000000000001,-0.433883739117558,-0.9009688679024191,174.47,281.3152116713352,-106.84521167133519,1470.9004571428572,1826.7503235294116,0,1,0,0,0,0,1,1,0,0,0,1,0,0,0,0,0,0,1,0,0,0,0
1401.89,3,1401.89,3,2025,2,18,1,0,1,0.8660254037844386,0.5000000000000001,0.7818314824680298,0.6234898018587336,467.2966666666667,280.510435175737,186.7862314909297,1419.773767857143,1293.1059545454546,0,0,1,0,1,0,0,0,1,0,1,0,0,0,0,0,0,1,0,0,0,0,0
531.65,2,531.65,2,2025,4,5,5,1,2,0.8660254037844387,-0.4999999999999998,-0.9749279121818236,-0.2225209339563146,265.825,240.01875136836344,25.80624863163655,1445.8490422535212,1063.5632826086955,0,0,0,1,0,0,1,0,1,1,0,0,0,0,0,1,0,0,0,0,0,0,0
3072.2,8,3072.2,8,2025,1,28,1,0,1,0.49999999999999994,0.8660254037844387,0.7818314824680298,0.6234898018587336,384.025,256.8781306031746,127.14686939682537,1481.6387169811321,1648.9165769230772,0,0,1,0,0,0,0,0,1,0,0,0,0,1,0,0,0,0,0,0,1,0,0
810.11,2,810.11,2,2025,12,13,5,1,4,-2.4492935982947064e-16,1.0,-0.9749279121818236,-0.2225209339563146,405.055,280.510435175737,124.54456482426303,1419.773767857143,1648.9165769230772,0,0,1,0,0,0,0,1,0,0,1,0,0,0,0,0,0,1,0,0,0,0,0
727.27,2,727.27,2,2025,7,17,3,0,3,-0.4999999999999997,-0.8660254037844388,0.43388373911755823,-0.900968867902419,363.635,280.510435175737,83.12456482426302,1419.773767857143,1149.845,0,0,0,0,1,0,0,0,0,0,1,0,0,0,0,0,0,1,0,0,0,0,0
25.58,4,25.58,4,2025,3,10,0,0,1,1.0,6.123233995736766e-17,0.0,1.0,6.395,222.4501821565408,-216.05518215654078,1381.4593448275864,986.0238461538461,0,0,0,0,0,1,0,0,0,0,0,0,1,0,0,0,0,0,0,1,0,0,0
539.02,3,539.02,3,2025,12,12,4,0,4,-2.4492935982947064e-16,1.0,-0.433883739117558,-0.9009688679024191,179.67333333333332,222.4501821565408,-42.77684882320747,1381.4593448275864,1256.223638888889,1,0,0,0,0,0,0,0,1,0,0,0,1,0,0,0,0,0,0,1,0,0,0
209.76,1,209.76,1,2025,6,9,0,0,2,1.2246467991473532e-16,-1.0,0.0,1.0,209.76,280.510435175737,-70.75043517573698,1419.773767857143,1352.2137916666668,0,0,1,0,0,1,0,1,0,0,1,0,0,0,0,0,0,1,0,0,0,0,0
1586.39,6,1586.39,6,2025,9,4,3,0,3,-1.0,-1.8369701987210297e-16,0.43388373911755823,-0.900968867902419,264.39833333333337,266.2826741854637,-1.8843408521303218,1221.905306122449,1063.5632826086955,0,0,0,1,0,0,1,1,0,0,0,0,0,0,1,0,0,0,0,0,0,0,0
4721.33,10,4129.7655,10,2025,1,15,2,0,1,0.49999999999999994,0.8660254037844387,0.9749279121818236,-0.22252093395631434,412.97655000000003,256.8781306031746,156.09841939682542,1481.6387169811321,1378.488775,0,0,0,0,0,0,1,1,0,0,0,0,0,1,0,0,0,0,0,0,1,0,0
3357.74,7,3357.74,7,2025,2,8,5,1,1,0.8660254037844386,0.5000000000000001,-0.9749279121818236,-0.2225209339563146,479.6771428571428,229.27456984126985,250.40257301587297,1221.905306122449,1826.7503235294116,0,1,0,0,0,0,1,1,0,0,0,0,0,0,0,0,0,0,0,0,0,0,0
2185.94,5,2185.94,5,2025,4,9,2,0,2,0.8660254037844387,-0.4999999999999998,0.9749279121818236,-0.22252093395631434,437.188,280.510435175737,156.67756482426302,1419.773767857143,1674.6340666666665,1,0,0,0,0,1,0,1,0,0,1,0,0,0,0,0,0,1,0,0,0,0,0
2236.17,6,2236.17,6,2025,10,19,6,1,4,-0.8660254037844386,0.5000000000000001,-0.7818314824680299,0.6234898018587334,372.695,254.12284351851855,118.57215648148144,1445.8490422535212,1826.7503235294116,0,1,0,0,0,0,1,1,0,1,0,0,0,0,0,0,0,0,0,0,0,0,1
1187.0,6,1187.0,6,2025,7,25,4,0,3,-0.4999999999999997,-0.8660254037844388,-0.433883739117558,-0.9009688679024191,197.83333333333334,281.3152116713352,-83.48187833800185,1470.9004571428572,1784.45784375,0,1,0,0,1,0,0,0,1,0,0,1,0,0,0,0,0,0,1,0,0,0,0
565.57,3,565.57,3,2025,2,12,2,0,1,0.8660254037844386,0.5000000000000001,0.9749279121818236,-0.22252093395631434,188.52333333333334,239.71427083333333,-51.19093749999999,1481.6387169811321,1421.5515384615383,1,0,0,0,0,0,1,1,0,0,0,0,0,1,0,0,0,0,0,0,0,1,0
1419.29,8,1419.29,8,2025,9,3,2,0,3,-1.0,-1.8369701987210297e-16,0.9749279121818236,-0.22252093395631434,177.41125,229.27456984126985,-51.863319841269856,1221.905306122449,1256.223638888889,1,0,0,0,0,0,0,1,0,0,0,0,0,0,0,0,0,0,0,0,0,0,0
619.96,2,619.96,2,2025,7,6,6,1,3,-0.4999999999999997,-0.8660254037844388,-0.7818314824680299,0.6234898018587334,309.98,240.01875136836344,69.96124863163658,1445.8490422535212,1308.8608333333334,1,0,0,0,1,0,0,0,0,1,0,0,0,0,0,1,0,0,0,0,0,0,0
184.43,7,184.43,7,2025,8,19,1,0,3,-0.8660254037844384,-0.5000000000000004,0.7818314824680298,0.6234898018587336,26.34714285714286,229.27456984126985,-202.92742698412698,1221.905306122449,1378.488775,0,0,0,0,0,0,1,0,0,0,0,0,0,0,0,0,0,0,0,0,0,0,0
2205.64,8,2205.64,8,2025,1,25,5,1,1,0.49999999999999994,0.8660254037844387,-0.9749279121818236,-0.2225209339563146,275.705,240.01875136836344,35.686248631636545,1445.8490422535212,1674.6340666666665,1,0,0,0,0,1,0,0,1,1,0,0,0,0,0,1,0,0,0,0,0,0,0
123.08,1,123.08,1,2025,11,30,6,1,4,-0.5000000000000004,0.8660254037844384,-0.7818314824680299,0.6234898018587334,123.08,254.12284351851855,-131.04284351851857,1445.8490422535212,1224.9207857142858,0,1,0,0,0,0,0,0,1,1,0,0,0,0,0,0,0,0,0,0,0,0,1
2416.96,7,2416.96,7,2025,6,19,3,0,2,1.2246467991473532e-16,-1.0,0.43388373911755823,-0.900968867902419,345.28000000000003,281.3152116713352,63.96478832866484,1470.9004571428572,1382.9090333333334,0,0,1,0,0,0,1,1,0,0,0,1,0,0,0,0,0,0,1,0,0,0,0
373.22,2,373.22,2,2025,3,7,4,0,1,1.0,6.123233995736766e-17,-0.433883739117558,-0.9009688679024191,186.61,281.3152116713352,-94.70521167133518,1470.9004571428572,1378.488775,0,0,0,0,0,0,1,0,1,0,0,1,0,0,0,0,0,0,1,0,0,0,0
580.56,3,580.56,3,2025,10,18,5,1,4,-0.8660254037844386,0.5000000000000001,-0.9749279121818236,-0.2225209339563146,193.51999999999998,229.27456984126985,-35.75456984126987,1221.905306122449,1421.5515384615383,1,0,0,0,0,0,1,1,0,0,0,0,0,0,0,0,0,0,0,0,0,0,0
1341.45,7,1341.45,7,2025,9,20,5,1,3,-1.0,-1.8369701987210297e-16,-0.9749279121818236,-0.2225209339563146,191.6357142857143,281.3152116713352,-89.67949738562089,1470.9004571428572,1784.45784375,0,1,0,0,1,0,0,1,0,0,0,1,0,0,0,0,0,0,1,0,0,0,0
481.44,4,481.44,4,2025,1,14,1,0,1,0.49999999999999994,0.8660254037844387,0.7818314824680298,0.6234898018587336,120.36,254.12284351851855,-133.76284351851854,1445.8490422535212,1382.9090333333334,0,0,1,0,0,0,1,0,1,1,0,0,0,0,0,0,0,0,0,0,0,0,1
562.01,3,562.01,3,2025,5,25,6,1,2,0.49999999999999994,-0.8660254037844387,-0.7818314824680299,0.6234898018587334,187.33666666666667,253.12457546296295,-65.78790879629628,1470.9004571428572,1378.488775,0,0,0,0,0,0,1,0,1,0,0,1,0,0,0,0,1,0,0,0,0,0,0
1932.29,7,1932.29,7,2025,12,2,1,0,4,-2.4492935982947064e-16,1.0,0.7818314824680298,0.6234898018587336,276.0414285714286,266.2826741854637,9.758754385964892,1221.905306122449,1612.3752941176472,0,0,0,1,1,0,0,0,0,0,0,0,0,0,1,0,0,0,0,0,0,0,0
4557.6,10,4129.7655,10,2025,9,16,1,0,3,-1.0,-1.8369701987210297e-16,0.7818314824680298,0.6234898018587336,412.97655000000003,254.12284351851855,158.85370648148148,1445.8490422535212,1382.9090333333334,0,0,1,0,0,0,1,0,1,1,0,0,0,0,0,0,0,0,0,0,0,0,1
4408.36,9,4129.7655,9,2025,9,1,0,0,3,-1.0,-1.8369701987210297e-16,0.0,1.0,458.86283333333336,253.12457546296295,205.7382578703704,1470.9004571428572,1293.1059545454546,0,0,1,0,1,0,0,0,1,0,0,1,0,0,0,0,1,0,0,0,0,0,0
941.07,3,941.07,3,2025,1,9,3,0,1,0.49999999999999994,0.8660254037844387,0.43388373911755823,-0.900968867902419,313.69,281.3152116713352,32.374788328664806,1470.9004571428572,1674.6340666666665,1,0,0,0,0,1,0,0,1,0,0,1,0,0,0,0,0,0,1,0,0,0,0
267.6,1,267.6,1,2025,7,27,6,1,3,-0.4999999999999997,-0.8660254037844388,-0.7818314824680299,0.6234898018587334,267.6,240.01875136836344,27.581248631636583,1445.8490422535212,1648.9165769230772,0,0,1,0,0,0,0,0,1,1,0,0,0,0,0,1,0,0,0,0,0,0,0
4180.03,9,4129.7655,9,2025,9,26,4,0,3,-1.0,-1.8369701987210297e-16,-0.433883739117558,-0.9009688679024191,458.86283333333336,254.12284351851855,204.7399898148148,1445.8490422535212,1224.9207857142858,0,1,0,0,0,0,0,1,0,1,0,0,0,0,0,0,0,0,0,0,0,0,1
3053.13,8,3053.13,8,2025,4,13,6,1,2,0.8660254037844387,-0.4999999999999998,-0.7818314824680299,0.6234898018587334,381.64125,256.8781306031746,124.7631193968254,1481.6387169811321,1826.7503235294116,0,1,0,0,0,0,1,1,0,0,0,0,0,1,0,0,0,0,0,0,1,0,0
2953.09,8,2953.09,8,2025,1,30,3,0,1,0.49999999999999994,0.8660254037844387,0.43388373911755823,-0.900968867902419,369.13625,280.510435175737,88.62581482426305,1419.773767857143,1683.3914285714286,0,0,0,1,0,0,0,1,0,0,1,0,0,0,0,0,0,1,0,0,0,0,0
1343.63,8,1343.63,8,2025,2,10,0,0,1,0.8660254037844386,0.5000000000000001,0.0,1.0,167.95375,280.510435175737,-112.55668517573696,1419.773767857143,986.0238461538461,0,0,0,0,0,1,0,0,0,0,1,0,0,0,0,0,0,1,0,0,0,0,0
4779.57,10,4129.7655,10,2025,4,17,3,0,2,0.8660254037844387,-0.4999999999999998,0.43388373911755823,-0.900968867902419,412.97655000000003,281.3152116713352,131.66133832866484,1470.9004571428572,1352.2137916666668,0,0,1,0,0,1,0,0,0,0,0,1,0,0,0,0,0,0,1,0,0,0,0
1331.53,6,1331.53,6,2025,11,28,4,0,4,-0.5000000000000004,0.8660254037844384,-0.433883739117558,-0.9009688679024191,221.92166666666665,281.3152116713352,-59.39354500466854,1470.9004571428572,1308.8608333333334,1,0,0,0,1,0,0,1,0,0,0,1,0,0,0,0,0,0,1,0,0,0,0
279.81,7,279.81,7,2025,9,16,1,0,3,-1.0,-1.8369701987210297e-16,0.7818314824680298,0.6234898018587336,39.972857142857144,240.01875136836344,-200.0458942255063,1445.8490422535212,1648.9165769230772,0,0,1,0,0,0,0,0,0,1,0,0,0,0,0,1,0,0,0,0,0,0,0
407.8,5,407.8,5,2025,8,23,5,1,3,-0.8660254037844384,-0.5000000000000004,-0.9749279121818236,-0.2225209339563146,81.56,240.01875136836344,-158.45875136836344,1445.8490422535212,1378.488775,0,0,0,0,0,0,1,1,0,1,0,0,0,0,0,1,0,0,0,0,0,0,0
2138.16,8,2138.16,8,2025,6,13,4,0,2,1.2246467991473532e-16,-1.0,-0.433883739117558,-0.9009688679024191,267.27,254.12284351851855,13.147156481481431,1445.8490422535212,1176.5337,0,0,0,1,0,1,0,0,1,1,0,0,0,0,0,0,0,0,0,0,0,0,1
2885.44,8,2885.44,8,2025,11,26,2,0,4,-0.5000000000000004,0.8660254037844384,0.9749279121818236,-0.22252093395631434,360.68,239.71427083333333,120.96572916666668,1481.6387169811321,1612.3752941176472,0,0,0,1,1,0,0,1,0,0,0,0,0,1,0,0,0,0,0,0,0,1,0
82.5,1,82.5,1,2025,3,20,3,0,1,1.0,6.123233995736766e-17,0.43388373911755823,-0.900968867902419,82.5,280.510435175737,-198.01043517573697,1419.773767857143,1063.5632826086955,0,0,0,1,0,0,1,0,1,0,1,0,0,0,0,0,0,1,0,0,0,0,0
1718.4,6,1718.4,6,2025,2,15,5,1,1,0.8660254037844386,0.5000000000000001,-0.9749279121818236,-0.2225209339563146,286.40000000000003,253.12457546296295,33.27542453703708,1470.9004571428572,1352.2137916666668,0,0,1,0,0,1,0,0,0,0,0,1,0,0,0,0,1,0,0,0,0,0,0
3619.73,10,3619.73,10,2025,9,9,1,0,3,-1.0,-1.8369701987210297e-16,0.7818314824680298,0.6234898018587336,361.973,253.12457546296295,108.84842453703706,1470.9004571428572,1421.5515384615383,1,0,0,0,0,0,1,0,0,0,0,1,0,0,0,0,1,0,0,0,0,0,0
517.42,7,517.42,7,2025,6,29,6,1,2,1.2246467991473532e-16,-1.0,-0.7818314824680299,0.6234898018587334,73.91714285714285,256.8781306031746,-182.96098774603178,1481.6387169811321,1224.9207857142858,0,1,0,0,0,0,0,0,0,0,0,0,0,1,0,0,0,0,0,0,1,0,0
1344.54,7,1344.54,7,2025,5,10,5,1,2,0.49999999999999994,-0.8660254037844387,-0.9749279121818236,-0.2225209339563146,192.07714285714286,222.4501821565408,-30.37303929939793,1381.4593448275864,1421.5515384615383,1,0,0,0,0,0,1,1,0,0,0,0,1,0,0,0,0,0,0,1,0,0,0
1767.77,7,1767.77,7,2025,12,5,4,0,4,-2.4492935982947064e-16,1.0,-0.433883739117558,-0.9009688679024191,252.53857142857143,240.01875136836344,12.51982006020799,1445.8490422535212,1683.3914285714286,0,0,0,1,0,0,0,1,0,1,0,0,0,0,0,1,0,0,0,0,0,0,0
385.1,4,385.1,4,2025,1,17,4,0,1,0.49999999999999994,0.8660254037844387,-0.433883739117558,-0.9009688679024191,96.275,239.71427083333333,-143.43927083333332,1481.6387169811321,1382.9090333333334,0,0,1,0,0,0,1,0,0,0,0,0,0,1,0,0,0,0,0,0,0,1,0
2295.95,7,2295.95,7,2025,4,19,5,1,2,0.8660254037844387,-0.4999999999999998,-0.9749279121818236,-0.2225209339563146,327.99285714285713,280.510435175737,47.48242196712016,1419.773767857143,1826.7503235294116,0,1,0,0,0,0,1,0,1,0,1,0,0,0,0,0,0,1,0,0,0,0,0
433.51,4,433.51,4,2025,9,30,1,0,3,-1.0,-1.8369701987210297e-16,0.7818314824680298,0.6234898018587336,108.3775,256.8781306031746,-148.5006306031746,1481.6387169811321,1063.5632826086955,0,0,0,1,0,0,1,0,1,0,0,0,0,1,0,0,0,0,0,0,1,0,0
3106.11,10,3106.11,10,2025,10,21,1,0,4,-0.8660254037844386,0.5000000000000001,0.7818314824680298,0.6234898018587336,310.611,229.27456984126985,81.33643015873014,1221.905306122449,1308.8608333333334,1,0,0,0,1,0,0,1,0,0,0,0,0,0,0,0,0,0,0,0,0,0,0
2453.92,5,2453.92,5,2025,12,16,1,0,4,-2.4492935982947064e-16,1.0,0.7818314824680298,0.6234898018587336,490.784,280.510435175737,210.27356482426302,1419.773767857143,1648.9165769230772,0,0,1,0,0,0,0,0,1,0,1,0,0,0,0,0,0,1,0,0,0,0,0
107.58,6,107.58,6,2025,10,13,0,0,4,-0.8660254037844386,0.5000000000000001,0.0,1.0,17.93,280.510435175737,-262.58043517573697,1419.773767857143,1063.5632826086955,0,0,0,1,0,0,1,0,1,0,1,0,0,0,0,0,0,1,0,0,0,0,0
1728.95,5,1728.95,5,2025,7,15,1,0,3,-0.4999999999999997,-0.8660254037844388,0.7818314824680298,0.6234898018587336,345.79,281.3152116713352,64.47478832866483,1470.9004571428572,1149.845,0,0,0,0,1,0,0,0,0,0,0,1,0,0,0,0,0,0,1,0,0,0,0
1542.48,10,1542.48,10,2025,1,10,4,0,1,0.49999999999999994,0.8660254037844387,-0.433883739117558,-0.9009688679024191,154.248,280.510435175737,-126.26243517573698,1419.773767857143,1674.6340666666665,1,0,0,0,0,1,0,0,0,0,1,0,0,0,0,0,0,1,0,0,0,0,0
4548.38,10,4129.7655,10,2025,8,19,1,0,3,-0.8660254037844384,-0.5000000000000004,0.7818314824680298,0.6234898018587336,412.97655000000003,256.8781306031746,156.09841939682542,1481.6387169811321,1784.45784375,0,1,0,0,1,0,0,0,0,0,0,0,0,1,0,0,0,0,0,0,1,0,0
1117.6,8,1117.6,8,2025,7,24,3,0,3,-0.4999999999999997,-0.8660254037844388,0.43388373911755823,-0.900968867902419,139.7,253.12457546296295,-113.42457546296296,1470.9004571428572,1612.3752941176472,0,0,0,1,1,0,0,0,0,0,0,1,0,0,0,0,1,0,0,0,0,0,0
1363.51,6,1363.51,6,2025,11,12,2,0,4,-0.5000000000000004,0.8660254037844384,0.9749279121818236,-0.22252093395631434,227.25166666666667,281.3152116713352,-54.063545004668526,1470.9004571428572,1826.7503235294116,0,1,0,0,0,0,1,1,0,0,0,1,0,0,0,0,0,0,1,0,0,0,0
2901.47,7,2901.47,7,2025,2,22,5,1,1,0.8660254037844386,0.5000000000000001,-0.9749279121818236,-0.2225209339563146,414.49571428571426,229.27456984126985,185.2211444444444,1221.905306122449,1256.223638888889,1,0,0,0,0,0,0,1,0,0,0,0,0,0,0,0,0,0,0,0,0,0,0
2254.12,6,2254.12,6,2025,4,16,2,0,2,0.8660254037844387,-0.4999999999999998,0.9749279121818236,-0.22252093395631434,375.68666666666667,229.27456984126985,146.41209682539682,1221.905306122449,1648.9165769230772,0,0,1,0,0,0,0,1,0,0,0,0,0,0,0,0,0,0,0,0,0,0,0
1361.8,4,1361.8,4,2025,3,15,5,1,1,1.0,6.123233995736766e-17,-0.9749279121818236,-0.2225209339563146,340.45,222.4501821565408,117.9998178434592,1381.4593448275864,1308.8608333333334,1,0,0,0,1,0,0,0,1,0,0,0,1,0,0,0,0,0,0,1,0,0,0
2742.07,6,2742.07,6,2025,8,9,5,1,3,-0.8660254037844384,-0.5000000000000004,-0.9749279121818236,-0.2225209339563146,457.0116666666667,254.12284351851855,202.88882314814816,1445.8490422535212,1784.45784375,0,1,0,0,1,0,0,1,0,1,0,0,0,0,0,0,0,0,0,0,0,0,1
269.96,1,269.96,1,2025,3,25,1,0,1,1.0,6.123233995736766e-17,0.7818314824680298,0.6234898018587336,269.96,266.2826741854637,3.677325814536289,1221.905306122449,1382.9090333333334,0,0,1,0,0,0,1,0,0,0,0,0,0,0,1,0,0,0,0,0,0,0,0
4081.38,10,4081.38,10,2025,6,10,1,0,2,1.2246467991473532e-16,-1.0,0.7818314824680298,0.6234898018587336,408.13800000000003,266.2826741854637,141.85532581453634,1221.905306122449,1378.488775,0,0,0,0,0,0,1,0,0,0,0,0,0,0,1,0,0,0,0,0,0,0,0
2359.15,6,2359.15,6,2025,1,15,2,0,1,0.49999999999999994,0.8660254037844387,0.9749279121818236,-0.22252093395631434,393.19166666666666,222.4501821565408,170.74148451012587,1381.4593448275864,1227.9926666666665,0,1,0,0,0,1,0,1,0,0,0,0,1,0,0,0,0,0,0,1,0,0,0
738.67,5,738.67,5,2025,11,4,1,0,4,-0.5000000000000004,0.8660254037844384,0.7818314824680298,0.6234898018587336,147.73399999999998,281.3152116713352,-133.5812116713352,1470.9004571428572,1176.5337,0,0,0,1,0,1,0,1,0,0,0,1,0,0,0,0,0,0,1,0,0,0,0
